Workbook

Sheet CCMFUT_F_0_Diário
A1: Ativo | B1: Data | C1: Abertura | D1: Máximo | E1: Mínimo | F1: Fechamento | G1: Volume | H1: Quantidade
A2: CCMFUT | B2: 45491 | C2: 64.1 | D2: 64.11 | E2: 63.09 | F2: 63.13 | G2: 3.2358064e+08 | H2: 11326
A3: CCMFUT | B3: 45492 | C3: 63.12 | D3: 64.41 | E3: 62.86 | F3: 64.1 | G3: 1.897695e+08 | H3: 6605
A4: CCMFUT | B4: 45495 | C4: 64.1 | D4: 65.68 | E4: 64.07 | F4: 65.5 | G4: 3.6491803e+08 | H4: 12435
A5: CCMFUT | B5: 45496 | C5: 65.54 | D5: 66.55 | E5: 65.06 | F5: 66 | G5: 287140757 | H5: 9649
A6: CCMFUT | B6: 45497 | C6: 66.01 | D6: 67.2 | E6: 65.63 | F6: 66.85 | G6: 3.1637827e+08 | H6: 10550
A7: CCMFUT | B7: 45498 | C7: 66.92 | D7: 67.74 | E7: 66.23 | F7: 66.54 | G7: 3.9628475e+08 | H7: 13132
A8: CCMFUT | B8: 45499 | C8: 66.65 | D8: 66.66 | E8: 65.71 | F8: 66.2 | G8: 3.4992707e+08 | H8: 11747
A9: CCMFUT | B9: 45502 | C9: 66.23 | D9: 66.66 | E9: 65.68 | F9: 66.19 | G9: 2.0303791e+08 | H9: 6829
A10: CCMFUT | B10: 45503 | C10: 66.1 | D10: 66.16 | E10: 65.01 | F10: 65.06 | G10: 2.3114475e+08 | H10: 7845
A11: CCMFUT | B11: 45504 | C11: 65.01 | D11: 65.3 | E11: 64.41 | F11: 64.63 | G11: 3.0427848e+08 | H11: 10448
A12: CCMFUT | B12: 45505 | C12: 64.63 | D12: 65.77 | E12: 64.6 | F12: 65.68 | G12: 2.2201019e+08 | H12: 7554
A13: CCMFUT | B13: 45506 | C13: 65.9 | D13: 67.09 | E13: 65.65 | F13: 67.01 | G13: 2.312423e+08 | H13: 7733
... A500: CCMFUT | B500: 46220 | C500: 68.43 | D500: 68.95 | E500: 68.2 | F500: 68.8 | G500: 1.1691403e+08 | H500: 3786

Sheet Análise_Variação
A1: ANÁLISE DIÁRIA | G1: ANÁLISE SEMANAL | M1: ANÁLISE MENSAL | S1: RESUMO ESTATÍSTICO - DIÁRIO | V1: COMPARATIVO DE BANDAS DE DESVIO PADRÃO
A2: Data | B2: Fechamento | C2: Var % | D2: Máximo Acum | E2: Drawdown % | G2: Semana | H2: Fech. Semana | I2: Var % | J2: Máximo Acum | K2: Drawdown % | M2: Mês | N2: Fech. Mês | O2: Var % | P2: Máximo Acum | Q2: Drawdown % | S2: Métrica | T2: Valor | V2: Banda | W2: Diário | X2: Semanal | Y2: Mensal
A3: =CCMFUT_F_0_Diário!B2 -> 45491 | B3: =CCMFUT_F_0_Diário!F2 -> 63.13 | C3: =0 -> 0 | D3: =B3 -> 63.13 | E3: =0 -> 0 | G3: 2024-S29 | H3: 64.1 | I3: =0 -> 0 | J3: =H3 -> 64.1 | K3: =0 -> 0 | M3: 45474 | N3: 65.68 | O3: =0 -> 0 | P3: =N3 -> 65.68 | Q3: =0 -> 0 | S3: Média Variação | T3: =AVERAGE(C4:C501) -> 0.00022604587 | V3: Média - 3σ | W3: =T9 -> -0.030800031 | X3: =T22 -> -0.062791209 | Y3: =T35 -> -0.15759924
A4: =CCMFUT_F_0_Diário!B3 -> 45492 | B4: =CCMFUT_F_0_Diário!F3 -> 64.1 | C4: =(B4-B3)/B3 -> 0.01536512 | D4: =MAX($B$3:B4) -> 64.1 | E4: =(B4-D4)/D4 -> 0 | G4: 2024-S30 | H4: 66.2 | I4: =(H4-H3)/H3 -> 0.03276131 | J4: =MAX($H$3:H4) -> 66.2 | K4: =(H4-J4)/J4 -> 0 | M4: Ago/2024 | N4: 66.87 | O4: =(N4-N3)/N3 -> 0.018118149 | P4: =MAX($N$3:N4) -> 66.87 | Q4: =(N4-P4)/P4 -> 0 | S4: Desvio Padrão (σ) | T4: =_xlfn.STDEV.S(C4:C501) -> 0.010342026 | V4: Média - 2σ | W4: =T7 -> -0.020458005 | X4: =T20 -> -0.041563993 | Y4: =T33 -> -0.10397492
A5: =CCMFUT_F_0_Diário!B4 -> 45495 | B5: =CCMFUT_F_0_Diário!F4 -> 65.5 | C5: =(B5-B4)/B4 -> 0.021840874 | D5: =MAX($B$3:B5) -> 65.5 | E5: =(B5-D5)/D5 -> 0 | G5: 2024-S31 | H5: 67.01 | I5: =(H5-H4)/H4 -> 0.01223565 | J5: =MAX($H$3:H5) -> 67.01 | K5: =(H5-J5)/J5 -> 0 | M5: Set/2024 | N5: 71.3 | O5: =(N5-N4)/N4 -> 0.066247944 | P5: =MAX($N$3:N5) -> 71.3 | Q5: =(N5-P5)/P5 -> 0 | S5: Média - 1σ | T5: =T3-T4 -> -0.01011598 | V5: Média - 1σ | W5: =T5 -> -0.01011598 | X5: =T18 -> -0.020336777 | Y5: =T31 -> -0.050350599
A6: =CCMFUT_F_0_Diário!B5 -> 45496 | B6: =CCMFUT_F_0_Diário!F5 -> 66 | C6: =(B6-B5)/B5 -> 0.0076335878 | D6: =MAX($B$3:B6) -> 66 | E6: =(B6-D6)/D6 -> 0 | G6: 2024-S32 | H6: 65.28 | I6: =(H6-H5)/H5 -> -0.025817042 | J6: =MAX($H$3:H6) -> 67.01 | K6: =(H6-J6)/J6 -> -0.025817042 | M6: Out/2024 | N6: 75.48 | O6: =(N6-N5)/N5 -> 0.058625526 | P6: =MAX($N$3:N6) -> 75.48 | Q6: =(N6-P6)/P6 -> 0 | S6: Média + 1σ | T6: =T3+T4 -> 0.010568071 | V6: Média | W6: =T3 -> 0.00022604587 | X6: =T16 -> 0.0008904387 | Y6: =T29 -> 0.0032737215
A7: =CCMFUT_F_0_Diário!B6 -> 45497 | B7: =CCMFUT_F_0_Diário!F6 -> 66.85 | C7: =(B7-B6)/B6 -> 0.012878788 | D7: =MAX($B$3:B7) -> 66.85 | E7: =(B7-D7)/D7 -> 0 | G7: 2024-S33 | H7: 64.55 | I7: =(H7-H6)/H6 -> -0.011182598 | J7: =MAX($H$3:H7) -> 67.01 | K7: =(H7-J7)/J7 -> -0.036710939 | M7: 45597 | N7: 72.62 | O7: =(N7-N6)/N6 -> -0.037890832 | P7: =MAX($N$3:N7) -> 75.48 | Q7: =(N7-P7)/P7 -> -0.037890832 | S7: Média - 2σ | T7: =T3-2*T4 -> -0.020458005 | V7: Média + 1σ | W7: =T6 -> 0.010568071 | X7: =T19 -> 0.022117655 | Y7: =T32 -> 0.056898042
A8: =CCMFUT_F_0_Diário!B7 -> 45498 | B8: =CCMFUT_F_0_Diário!F7 -> 66.54 | C8: =(B8-B7)/B7 -> -0.0046372476 | D8: =MAX($B$3:B8) -> 66.85 | E8: =(B8-D8)/D8 -> -0.0046372476 | G8: 2024-S34 | H8: 65.28 | I8: =(H8-H7)/H7 -> 0.011309063 | J8: =MAX($H$3:H8) -> 67.01 | K8: =(H8-J8)/J8 -> -0.025817042 | M8: Dez/2024 | N8: 74.69 | O8: =(N8-N7)/N7 -> 0.028504544 | P8: =MAX($N$3:N8) -> 75.48 | Q8: =(N8-P8)/P8 -> -0.010466349 | S8: Média + 2σ | T8: =T3+2*T4 -> 0.020910097 | V8: Média + 2σ | W8: =T8 -> 0.020910097 | X8: =T21 -> 0.04334487 | Y8: =T34 -> 0.11052236
A9: =CCMFUT_F_0_Diário!B8 -> 45499 | B9: =CCMFUT_F_0_Diário!F8 -> 66.2 | C9: =(B9-B8)/B8 -> -0.0051097084 | D9: =MAX($B$3:B9) -> 66.85 | E9: =(B9-D9)/D9 -> -0.009723261 | G9: 2024-S35 | H9: 66.87 | I9: =(H9-H8)/H8 -> 0.024356618 | J9: =MAX($H$3:H9) -> 67.01 | K9: =(H9-J9)/J9 -> -0.0020892404 | M9: 45658 | N9: 74.48 | O9: =(N9-N8)/N8 -> -0.0028116214 | P9: =MAX($N$3:N9) -> 75.48 | Q9: =(N9-P9)/P9 -> -0.013248543 | S9: Média - 3σ | T9: =T3-3*T4 -> -0.030800031 | V9: Média + 3σ | W9: =T10 -> 0.031252123 | X9: =T23 -> 0.064572086 | Y9: =T36 -> 0.16414668
A10: =CCMFUT_F_0_Diário!B9 -> 45502 | B10: =CCMFUT_F_0_Diário!F9 -> 66.19 | C10: =(B10-B9)/B9 -> -0.0001510574 | D10: =MAX($B$3:B10) -> 66.85 | E10: =(B10-D10)/D10 -> -0.0098728497 | G10: 2024-S36 | H10: 68.27 | I10: =(H10-H9)/H9 -> 0.020936145 | J10: =MAX($H$3:H10) -> 68.27 | K10: =(H10-J10)/J10 -> 0 | M10: Fev/2025 | N10: 85.48 | O10: =(N10-N9)/N9 -> 0.14769066 | P10: =MAX($N$3:N10) -> 85.48 | Q10: =(N10-P10)/P10 -> 0 | S10: Média + 3σ | T10: =T3+3*T4 -> 0.031252123
A11: =CCMFUT_F_0_Diário!B10 -> 45503 | B11: =CCMFUT_F_0_Diário!F10 -> 65.06 | C11: =(B11-B10)/B10 -> -0.017072065 | D11: =MAX($B$3:B11) -> 66.85 | E11: =(B11-D11)/D11 -> -0.026776365 | G11: 2024-S37 | H11: 70.06 | I11: =(H11-H10)/H10 -> 0.026219423 | J11: =MAX($H$3:H11) -> 70.06 | K11: =(H11-J11)/J11 -> 0 | M11: 45717 | N11: 85.21 | O11: =(N11-N10)/N10 -> -0.0031586336 | P11: =MAX($N$3:N11) -> 85.48 | Q11: =(N11-P11)/P11 -> -0.0031586336 | S11: Drawdown Máximo | T11: =MIN(E3:E501) -> -0.2742957
A12: =CCMFUT_F_0_Diário!B11 -> 45504 | B12: =CCMFUT_F_0_Diário!F11 -> 64.63 | C12: =(B12-B11)/B11 -> -0.0066092837 | D12: =MAX($B$3:B12) -> 66.85 | E12: =(B12-D12)/D12 -> -0.033208676 | G12: 2024-S38 | H12: 70.11 | I12: =(H12-H11)/H11 -> 0.00071367399 | J12: =MAX($H$3:H12) -> 70.11 | K12: =(H12-J12)/J12 -> 0 | M12: Abr/2025 | N12: 82.39 | O12: =(N12-N11)/N11 -> -0.033094707 | P12: =MAX($N$3:N12) -> 85.48 | Q12: =(N12-P12)/P12 -> -0.036148807 | S12: Drawdown Médio | T12: =AVERAGE(E3:E501) -> -0.11457431
A13: =CCMFUT_F_0_Diário!B12 -> 45505 | B13: =CCMFUT_F_0_Diário!F12 -> 65.68 | C13: =(B13-B12)/B12 -> 0.016246325 | D13: =MAX($B$3:B13) -> 66.85 | E13: =(B13-D13)/D13 -> -0.01750187 | G13: 2024-S39 | H13: 70.99 | I13: =(H13-H12)/H12 -> 0.012551704 | J13: =MAX($H$3:H13) -> 70.99 | K13: =(H13-J13)/J13 -> 0 | M13: Mai/2025 | N13: 78.77 | O13: =(N13-N12)/N12 -> -0.043937371 | P13: =MAX($N$3:N13) -> 85.48 | Q13: =(N13-P13)/P13 -> -0.078497894
A14: =CCMFUT_F_0_Diário!B13 -> 45506 | B14: =CCMFUT_F_0_Diário!F13 -> 67.01 | C14: =(B14-B13)/B13 -> 0.020249695 | D14: =MAX($B$3:B14) -> 67.01 | E14: =(B14-D14)/D14 -> 0 | G14: 2024-S40 | H14: 70.28 | I14: =(H14-H13)/H13 -> -0.010001409 | J14: =MAX($H$3:H14) -> 70.99 | K14: =(H14-J14)/J14 -> -0.010001409 | M14: 45809 | N14: 75.33 | O14: =(N14-N13)/N13 -> -0.043671449 | P14: =MAX($N$3:N14) -> 85.48 | Q14: =(N14-P14)/P14 -> -0.11874123 | S14: RESUMO ESTATÍSTICO - SEMANAL
A15: =CCMFUT_F_0_Diário!B14 -> 45509 | B15: =CCMFUT_F_0_Diário!F14 -> 66.87 | C15: =(B15-B14)/B14 -> -0.0020892404 | D15: =MAX($B$3:B15) -> 67.01 | E15: =(B15-D15)/D15 -> -0.0020892404 | G15: 2024-S41 | H15: 70.78 | I15: =(H15-H14)/H14 -> 0.0071143995 | J15: =MAX($H$3:H15) -> 70.99 | K15: =(H15-J15)/J15 -> -0.0029581631 | M15: 45839 | N15: 81.91 | O15: =(N15-N14)/N14 -> 0.087348998 | P15: =MAX($N$3:N15) -> 85.48 | Q15: =(N15-P15)/P15 -> -0.041764155 | S15: Métrica | T15: Valor
A16: =CCMFUT_F_0_Diário!B15 -> 45510 | B16: =CCMFUT_F_0_Diário!F15 -> 65.38 | C16: =(B16-B15)/B15 -> -0.02228204 | D16: =MAX($B$3:B16) -> 67.01 | E16: =(B16-D16)/D16 -> -0.024324728 | G16: 2024-S42 | H16: 71.56 | I16: =(H16-H15)/H15 -> 0.011020062 | J16: =MAX($H$3:H16) -> 71.56 | K16: =(H16-J16)/J16 -> 0 | M16: Ago/2025 | N16: 79.48 | O16: =(N16-N15)/N15 -> -0.029666707 | P16: =MAX($N$3:N16) -> 85.48 | Q16: =(N16-P16)/P16 -> -0.070191858 | S16: Média Variação | T16: =AVERAGE(I4:I109) -> 0.0008904387
A17: =CCMFUT_F_0_Diário!B16 -> 45511 | B17: =CCMFUT_F_0_Diário!F16 -> 65.15 | C17: =(B17-B16)/B16 -> -0.0035178954 | D17: =MAX($B$3:B17) -> 67.01 | E17: =(B17-D17)/D17 -> -0.027757051 | G17: 2024-S43 | H17: 74.97 | I17: =(H17-H16)/H16 -> 0.04765232 | J17: =MAX($H$3:H17) -> 74.97 | K17: =(H17-J17)/J17 -> 0 | M17: Set/2025 | N17: 76.32 | O17: =(N17-N16)/N16 -> -0.03975843 | P17: =MAX($N$3:N17) -> 85.48 | Q17: =(N17-P17)/P17 -> -0.10715957 | S17: Desvio Padrão (σ) | T17: =_xlfn.STDEV.S(I4:I109) -> 0.021227216
A18: =CCMFUT_F_0_Diário!B17 -> 45512 | B18: =CCMFUT_F_0_Diário!F17 -> 65.13 | C18: =(B18-B17)/B17 -> -0.00030698388 | D18: =MAX($B$3:B18) -> 67.01 | E18: =(B18-D18)/D18 -> -0.028055514 | G18: 2024-S44 | H18: 75.48 | I18: =(H18-H17)/H17 -> 0.0068027211 | J18: =MAX($H$3:H18) -> 75.48 | K18: =(H18-J18)/J18 -> 0 | M18: Out/2025 | N18: 79.21 | O18: =(N18-N17)/N17 -> 0.037866876 | P18: =MAX($N$3:N18) -> 85.48 | Q18: =(N18-P18)/P18 -> -0.073350491 | S18: Média - 1σ | T18: =T16-T17 -> -0.020336777
A19: =CCMFUT_F_0_Diário!B18 -> 45513 | B19: =CCMFUT_F_0_Diário!F18 -> 65.28 | C19: =(B19-B18)/B18 -> 0.0023030861 | D19: =MAX($B$3:B19) -> 67.01 | E19: =(B19-D19)/D19 -> -0.025817042 | G19: 2024-S45 | H19: 76.33 | I19: =(H19-H18)/H18 -> 0.011261261 | J19: =MAX($H$3:H19) -> 76.33 | K19: =(H19-J19)/J19 -> 0 | M19: 45962 | N19: 83.12 | O19: =(N19-N18)/N18 -> 0.049362454 | P19: =MAX($N$3:N19) -> 85.48 | Q19: =(N19-P19)/P19 -> -0.027608797 | S19: Média + 1σ | T19: =T16+T17 -> 0.022117655
A20: =CCMFUT_F_0_Diário!B19 -> 45516 | B20: =CCMFUT_F_0_Diário!F19 -> 65.54 | C20: =(B20-B19)/B19 -> 0.0039828431 | D20: =MAX($B$3:B20) -> 67.01 | E20: =(B20-D20)/D20 -> -0.021937024 | G20: 2024-S46 | H20: 75.53 | I20: =(H20-H19)/H19 -> -0.010480807 | J20: =MAX($H$3:H20) -> 76.33 | K20: =(H20-J20)/J20 -> -0.010480807 | M20: Dez/2025 | N20: 78.66 | O20: =(N20-N19)/N19 -> -0.053657363 | P20: =MAX($N$3:N20) -> 85.48 | Q20: =(N20-P20)/P20 -> -0.079784745 | S20: Média - 2σ | T20: =T16-2*T17 -> -0.041563993
A21: =CCMFUT_F_0_Diário!B20 -> 45517 | B21: =CCMFUT_F_0_Diário!F20 -> 64.98 | C21: =(B21-B20)/B20 -> -0.0085444004 | D21: =MAX($B$3:B21) -> 67.01 | E21: =(B21-D21)/D21 -> -0.030293986 | G21: 2024-S47 | H21: 73.09 | I21: =(H21-H20)/H20 -> -0.032305044 | J21: =MAX($H$3:H21) -> 76.33 | K21: =(H21-J21)/J21 -> -0.042447268 | M21: 46023 | N21: 72.81 | O21: =(N21-N20)/N20 -> -0.074370709 | P21: =MAX($N$3:N21) -> 85.48 | Q21: =(N21-P21)/P21 -> -0.14822181 | S21: Média + 2σ | T21: =T16+2*T17 -> 0.04334487
A22: =CCMFUT_F_0_Diário!B21 -> 45518 | B22: =CCMFUT_F_0_Diário!F21 -> 64.73 | C22: =(B22-B21)/B21 -> -0.0038473376 | D22: =MAX($B$3:B22) -> 67.01 | E22: =(B22-D22)/D22 -> -0.034024772 | G22: 2024-S48 | H22: 72.62 | I22: =(H22-H21)/H21 -> -0.0064304282 | J22: =MAX($H$3:H22) -> 76.33 | K22: =(H22-J22)/J22 -> -0.048604743 | M22: Fev/2026 | N22: 76.1 | O22: =(N22-N21)/N21 -> 0.045186101 | P22: =MAX($N$3:N22) -> 85.48 | Q22: =(N22-P22)/P22 -> -0.10973327 | S22: Média - 3σ | T22: =T16-3*T17 -> -0.062791209
A23: =CCMFUT_F_0_Diário!B22 -> 45519 | B23: =CCMFUT_F_0_Diário!F22 -> 65.32 | C23: =(B23-B22)/B22 -> 0.0091147845 | D23: =MAX($B$3:B23) -> 67.01 | E23: =(B23-D23)/D23 -> -0.025220116 | G23: 2024-S49 | H23: 74.95 | I23: =(H23-H22)/H22 -> 0.032084825 | J23: =MAX($H$3:H23) -> 76.33 | K23: =(H23-J23)/J23 -> -0.018079392 | M23: 46082 | N23: 73.77 | O23: =(N23-N22)/N22 -> -0.030617608 | P23: =MAX($N$3:N23) -> 85.48 | Q23: =(N23-P23)/P23 -> -0.13699111 | S23: Média + 3σ | T23: =T16+3*T17 -> 0.064572086
A24: =CCMFUT_F_0_Diário!B23 -> 45520 | B24: =CCMFUT_F_0_Diário!F23 -> 64.55 | C24: =(B24-B23)/B23 -> -0.01178812 | D24: =MAX($B$3:B24) -> 67.01 | E24: =(B24-D24)/D24 -> -0.036710939 | G24: 2024-S50 | H24: 75.49 | I24: =(H24-H23)/H23 -> 0.0072048032 | J24: =MAX($H$3:H24) -> 76.33 | K24: =(H24-J24)/J24 -> -0.011004847 | M24: Abr/2026 | N24: 71.6 | O24: =(N24-N23)/N23 -> -0.029415752 | P24: =MAX($N$3:N24) -> 85.48 | Q24: =(N24-P24)/P24 -> -0.16237716 | S24: Drawdown Máximo | T24: =MIN(K3:K109) -> -0.22810261
A25: =CCMFUT_F_0_Diário!B24 -> 45523 | B25: =CCMFUT_F_0_Diário!F24 -> 65.18 | C25: =(B25-B24)/B24 -> 0.0097598761 | D25: =MAX($B$3:B25) -> 67.01 | E25: =(B25-D25)/D25 -> -0.027309357 | G25: 2024-S51 | H25: 74.34 | I25: =(H25-H24)/H24 -> -0.015233806 | J25: =MAX($H$3:H25) -> 76.33 | K25: =(H25-J25)/J25 -> -0.026071007 | M25: Mai/2026 | N25: 67.75 | O25: =(N25-N24)/N24 -> -0.05377095 | P25: =MAX($N$3:N25) -> 85.48 | Q25: =(N25-P25)/P25 -> -0.20741694 | S25: Drawdown Médio | T25: =AVERAGE(K3:K109) -> -0.079455482
A26: =CCMFUT_F_0_Diário!B25 -> 45524 | B26: =CCMFUT_F_0_Diário!F25 -> 65.54 | C26: =(B26-B25)/B25 -> 0.0055231666 | D26: =MAX($B$3:B26) -> 67.01 | E26: =(B26-D26)/D26 -> -0.021937024 | G26: 2024-S52 | H26: 74.2 | I26: =(H26-H25)/H25 -> -0.0018832392 | J26: =MAX($H$3:H26) -> 76.33 | K26: =(H26-J26)/J26 -> -0.027905149 | M26: 46174 | N26: 68.36 | O26: =(N26-N25)/N25 -> 0.00900369 | P26: =MAX($N$3:N26) -> 85.48 | Q26: =(N26-P26)/P26 -> -0.20028077
A27: =CCMFUT_F_0_Diário!B26 -> 45525 | B27: =CCMFUT_F_0_Diário!F26 -> 65.24 | C27: =(B27-B26)/B26 -> -0.0045773573 | D27: =MAX($B$3:B27) -> 67.01 | E27: =(B27-D27)/D27 -> -0.026413968 | G27: 2024-S53 | H27: 74.69 | I27: =(H27-H26)/H26 -> 0.0066037736 | J27: =MAX($H$3:H27) -> 76.33 | K27: =(H27-J27)/J27 -> -0.021485654 | M27: 46204 | N27: 68.8 | O27: =(N27-N26)/N26 -> 0.0064365126 | P27: =MAX($N$3:N27) -> 85.48 | Q27: =(N27-P27)/P27 -> -0.19513336 | S27: RESUMO ESTATÍSTICO - MENSAL
A28: =CCMFUT_F_0_Diário!B27 -> 45526 | B28: =CCMFUT_F_0_Diário!F27 -> 65.55 | C28: =(B28-B27)/B27 -> 0.0047516861 | D28: =MAX($B$3:B28) -> 67.01 | E28: =(B28-D28)/D28 -> -0.021787793 | G28: 2025-S01 | H28: 73.73 | I28: =(H28-H27)/H27 -> -0.012853126 | J28: =MAX($H$3:H28) -> 76.33 | K28: =(H28-J28)/J28 -> -0.034062623 | S28: Métrica | T28: Valor
A29: =CCMFUT_F_0_Diário!B28 -> 45527 | B29: =CCMFUT_F_0_Diário!F28 -> 65.28 | C29: =(B29-B28)/B28 -> -0.0041189931 | D29: =MAX($B$3:B29) -> 67.01 | E29: =(B29-D29)/D29 -> -0.025817042 | G29: 2025-S02 | H29: 76.9 | I29: =(H29-H28)/H28 -> 0.04299471 | J29: =MAX($H$3:H29) -> 76.9 | K29: =(H29-J29)/J29 -> 0 | S29: Média Variação | T29: =AVERAGE(O4:O27) -> 0.0032737215
A30: =CCMFUT_F_0_Diário!B29 -> 45530 | B30: =CCMFUT_F_0_Diário!F29 -> 65.13 | C30: =(B30-B29)/B29 -> -0.0022977941 | D30: =MAX($B$3:B30) -> 67.01 | E30: =(B30-D30)/D30 -> -0.028055514 | G30: 2025-S03 | H30: 75.67 | I30: =(H30-H29)/H29 -> -0.015994798 | J30: =MAX($H$3:H30) -> 76.9 | K30: =(H30-J30)/J30 -> -0.015994798 | S30: Desvio Padrão (σ) | T30: =_xlfn.STDEV.S(O4:O27) -> 0.053624321
A31: =CCMFUT_F_0_Diário!B30 -> 45531 | B31: =CCMFUT_F_0_Diário!F30 -> 65.52 | C31: =(B31-B30)/B30 -> 0.005988024 | D31: =MAX($B$3:B31) -> 67.01 | E31: =(B31-D31)/D31 -> -0.022235487 | G31: 2025-S04 | H31: 74.14 | I31: =(H31-H30)/H30 -> -0.020219374 | J31: =MAX($H$3:H31) -> 76.9 | K31: =(H31-J31)/J31 -> -0.035890767 | S31: Média - 1σ | T31: =T29-T30 -> -0.050350599
A32: =CCMFUT_F_0_Diário!B31 -> 45532 | B32: =CCMFUT_F_0_Diário!F31 -> 65.52 | C32: =(B32-B31)/B31 -> 0 | D32: =MAX($B$3:B32) -> 67.01 | E32: =(B32-D32)/D32 -> -0.022235487 | G32: 2025-S05 | H32: 74.48 | I32: =(H32-H31)/H31 -> 0.0045859185 | J32: =MAX($H$3:H32) -> 76.9 | K32: =(H32-J32)/J32 -> -0.031469441 | S32: Média + 1σ | T32: =T29+T30 -> 0.056898042
A33: =CCMFUT_F_0_Diário!B32 -> 45533 | B33: =CCMFUT_F_0_Diário!F32 -> 66.1 | C33: =(B33-B32)/B32 -> 0.0088522589 | D33: =MAX($B$3:B33) -> 67.01 | E33: =(B33-D33)/D33 -> -0.013580063 | G33: 2025-S06 | H33: 77.05 | I33: =(H33-H32)/H32 -> 0.034505908 | J33: =MAX($H$3:H33) -> 77.05 | K33: =(H33-J33)/J33 -> 0 | S33: Média - 2σ | T33: =T29-2*T30 -> -0.10397492 | V33: COMPARATIVO DE DRAWDOWN
A34: =CCMFUT_F_0_Diário!B33 -> 45534 | B34: =CCMFUT_F_0_Diário!F33 -> 66.87 | C34: =(B34-B33)/B33 -> 0.011649017 | D34: =MAX($B$3:B34) -> 67.01 | E34: =(B34-D34)/D34 -> -0.0020892404 | G34: 2025-S07 | H34: 79.59 | I34: =(H34-H33)/H33 -> 0.032965607 | J34: =MAX($H$3:H34) -> 79.59 | K34: =(H34-J34)/J34 -> 0 | S34: Média + 2σ | T34: =T29+2*T30 -> 0.11052236 | V34: Métrica | W34: Diário | X34: Semanal | Y34: Mensal
A35: =CCMFUT_F_0_Diário!B34 -> 45537 | B35: =CCMFUT_F_0_Diário!F34 -> 66.92 | C35: =(B35-B34)/B34 -> 0.00074771946 | D35: =MAX($B$3:B35) -> 67.01 | E35: =(B35-D35)/D35 -> -0.0013430831 | G35: 2025-S08 | H35: 83.96 | I35: =(H35-H34)/H34 -> 0.054906395 | J35: =MAX($H$3:H35) -> 83.96 | K35: =(H35-J35)/J35 -> 0 | S35: Média - 3σ | T35: =T29-3*T30 -> -0.15759924 | V35: Drawdown Máximo | W35: =T11 -> -0.2742957 | X35: =T24 -> -0.22810261 | Y35: =T37 -> -0.20741694
A36: =CCMFUT_F_0_Diário!B35 -> 45538 | B36: =CCMFUT_F_0_Diário!F35 -> 67.36 | C36: =(B36-B35)/B35 -> 0.0065750149 | D36: =MAX($B$3:B36) -> 67.36 | E36: =(B36-D36)/D36 -> 0 | G36: 2025-S09 | H36: 85.48 | I36: =(H36-H35)/H35 -> 0.018103859 | J36: =MAX($H$3:H36) -> 85.48 | K36: =(H36-J36)/J36 -> 0 | S36: Média + 3σ | T36: =T29+3*T30 -> 0.16414668 | V36: Drawdown Médio | W36: =T12 -> -0.11457431 | X36: =T25 -> -0.079455482 | Y36: =T38 -> -0.074326653
A37: =CCMFUT_F_0_Diário!B36 -> 45539 | B37: =CCMFUT_F_0_Diário!F36 -> 68.44 | C37: =(B37-B36)/B36 -> 0.016033254 | D37: =MAX($B$3:B37) -> 68.44 | E37: =(B37-D37)/D37 -> 0 | G37: 2025-S10 | H37: 84.9 | I37: =(H37-H36)/H36 -> -0.0067852129 | J37: =MAX($H$3:H37) -> 85.48 | K37: =(H37-J37)/J37 -> -0.0067852129 | S37: Drawdown Máximo | T37: =MIN(Q3:Q27) -> -0.20741694
A38: =CCMFUT_F_0_Diário!B37 -> 45540 | B38: =CCMFUT_F_0_Diário!F37 -> 67.81 | C38: =(B38-B37)/B37 -> -0.0092051432 | D38: =MAX($B$3:B38) -> 68.44 | E38: =(B38-D38)/D38 -> -0.0092051432 | G38: 2025-S11 | H38: 86.54 | I38: =(H38-H37)/H37 -> 0.019316843 | J38: =MAX($H$3:H38) -> 86.54 | K38: =(H38-J38)/J38 -> 0 | S38: Drawdown Médio | T38: =AVERAGE(Q3:Q27) -> -0.074326653
A39: =CCMFUT_F_0_Diário!B38 -> 45541 | B39: =CCMFUT_F_0_Diário!F38 -> 68.27 | C39: =(B39-B38)/B38 -> 0.0067836602 | D39: =MAX($B$3:B39) -> 68.44 | E39: =(B39-D39)/D39 -> -0.0024839275 | G39: 2025-S12 | H39: 86.35 | I39: =(H39-H38)/H38 -> -0.0021955165 | J39: =MAX($H$3:H39) -> 86.54 | K39: =(H39-J39)/J39 -> -0.0021955165
A40: =CCMFUT_F_0_Diário!B39 -> 45544 | B40: =CCMFUT_F_0_Diário!F39 -> 69.71 | C40: =(B40-B39)/B39 -> 0.02109272 | D40: =MAX($B$3:B40) -> 69.71 | E40: =(B40-D40)/D40 -> 0 | G40: 2025-S13 | H40: 83.68 | I40: =(H40-H39)/H39 -> -0.030920672 | J40: =MAX($H$3:H40) -> 86.54 | K40: =(H40-J40)/J40 -> -0.033048301
A41: =CCMFUT_F_0_Diário!B40 -> 45545 | B41: =CCMFUT_F_0_Diário!F40 -> 69.48 | C41: =(B41-B40)/B40 -> -0.0032993832 | D41: =MAX($B$3:B41) -> 69.71 | E41: =(B41-D41)/D41 -> -0.0032993832 | G41: 2025-S14 | H41: 82.82 | I41: =(H41-H40)/H40 -> -0.010277247 | J41: =MAX($H$3:H41) -> 86.54 | K41: =(H41-J41)/J41 -> -0.042985902
A42: =CCMFUT_F_0_Diário!B41 -> 45546 | B42: =CCMFUT_F_0_Diário!F41 -> 69.23 | C42: =(B42-B41)/B41 -> -0.0035981577 | D42: =MAX($B$3:B42) -> 69.71 | E42: =(B42-D42)/D42 -> -0.0068856692 | G42: 2025-S15 | H42: 86.01 | I42: =(H42-H41)/H41 -> 0.038517266 | J42: =MAX($H$3:H42) -> 86.54 | K42: =(H42-J42)/J42 -> -0.0061243356
A43: =CCMFUT_F_0_Diário!B42 -> 45547 | B43: =CCMFUT_F_0_Diário!F42 -> 68.92 | C43: =(B43-B42)/B42 -> -0.0044778275 | D43: =MAX($B$3:B43) -> 69.71 | E43: =(B43-D43)/D43 -> -0.011332664 | G43: 2025-S16 | H43: 83.2 | I43: =(H43-H42)/H42 -> -0.03267062 | J43: =MAX($H$3:H43) -> 86.54 | K43: =(H43-J43)/J43 -> -0.038594869
A44: =CCMFUT_F_0_Diário!B43 -> 45548 | B44: =CCMFUT_F_0_Diário!F43 -> 70.06 | C44: =(B44-B43)/B43 -> 0.016540917 | D44: =MAX($B$3:B44) -> 70.06 | E44: =(B44-D44)/D44 -> 0 | G44: 2025-S17 | H44: 83.66 | I44: =(H44-H43)/H43 -> 0.0055288462 | J44: =MAX($H$3:H44) -> 86.54 | K44: =(H44-J44)/J44 -> -0.033279408
A45: =CCMFUT_F_0_Diário!B44 -> 45551 | B45: =CCMFUT_F_0_Diário!F44 -> 69.71 | C45: =(B45-B44)/B44 -> -0.004995718 | D45: =MAX($B$3:B45) -> 70.06 | E45: =(B45-D45)/D45 -> -0.004995718 | G45: 2025-S18 | H45: 83.12 | I45: =(H45-H44)/H44 -> -0.0064546976 | J45: =MAX($H$3:H45) -> 86.54 | K45: =(H45-J45)/J45 -> -0.039519297
A46: =CCMFUT_F_0_Diário!B45 -> 45552 | B46: =CCMFUT_F_0_Diário!F45 -> 69.49 | C46: =(B46-B45)/B45 -> -0.0031559317 | D46: =MAX($B$3:B46) -> 70.06 | E46: =(B46-D46)/D46 -> -0.0081358835 | G46: 2025-S19 | H46: 79.8 | I46: =(H46-H45)/H45 -> -0.039942252 | J46: =MAX($H$3:H46) -> 86.54 | K46: =(H46-J46)/J46 -> -0.07788306
A47: =CCMFUT_F_0_Diário!B46 -> 45553 | B47: =CCMFUT_F_0_Diário!F46 -> 68.51 | C47: =(B47-B46)/B46 -> -0.014102749 | D47: =MAX($B$3:B47) -> 70.06 | E47: =(B47-D47)/D47 -> -0.022123894 | G47: 2025-S20 | H47: 78.29 | I47: =(H47-H46)/H46 -> -0.018922306 | J47: =MAX($H$3:H47) -> 86.54 | K47: =(H47-J47)/J47 -> -0.095331639
A48: =CCMFUT_F_0_Diário!B47 -> 45554 | B48: =CCMFUT_F_0_Diário!F47 -> 69.16 | C48: =(B48-B47)/B47 -> 0.009487666 | D48: =MAX($B$3:B48) -> 70.06 | E48: =(B48-D48)/D48 -> -0.012846132 | G48: 2025-S21 | H48: 78.66 | I48: =(H48-H47)/H47 -> 0.0047260186 | J48: =MAX($H$3:H48) -> 86.54 | K48: =(H48-J48)/J48 -> -0.091056159
A49: =CCMFUT_F_0_Diário!B48 -> 45555 | B49: =CCMFUT_F_0_Diário!F48 -> 70.11 | C49: =(B49-B48)/B48 -> 0.013736264 | D49: =MAX($B$3:B49) -> 70.11 | E49: =(B49-D49)/D49 -> 0 | G49: 2025-S22 | H49: 78.77 | I49: =(H49-H48)/H48 -> 0.0013984236 | J49: =MAX($H$3:H49) -> 86.54 | K49: =(H49-J49)/J49 -> -0.08978507
A50: =CCMFUT_F_0_Diário!B49 -> 45558 | B50: =CCMFUT_F_0_Diário!F49 -> 70.38 | C50: =(B50-B49)/B49 -> 0.0038510911 | D50: =MAX($B$3:B50) -> 70.38 | E50: =(B50-D50)/D50 -> 0 | G50: 2025-S23 | H50: 80.16 | I50: =(H50-H49)/H49 -> 0.017646312 | J50: =MAX($H$3:H50) -> 86.54 | K50: =(H50-J50)/J50 -> -0.073723134
... A109: =CCMFUT_F_0_Diário!B108 -> 45643 | B109: =CCMFUT_F_0_Diário!F108 -> 75.61 | C109: =(B109-B108)/B108 -> 0.0081333333 | D109: =MAX($B$3:B109) -> 77.48 | E109: =(B109-D109)/D109 -> -0.024135261 | G109: 2026-S29 | H109: 68.8 | I109: =(H109-H108)/H108 -> 0.023048327 | J109: =MAX($H$3:H109) -> 86.54 | K109: =(H109-J109)/J109 -> -0.20499191
A110: =CCMFUT_F_0_Diário!B109 -> 45644 | B110: =CCMFUT_F_0_Diário!F109 -> 75.79 | C110: =(B110-B109)/B109 -> 0.0023806375 | D110: =MAX($B$3:B110) -> 77.48 | E110: =(B110-D110)/D110 -> -0.021812081
A111: =CCMFUT_F_0_Diário!B110 -> 45645 | B111: =CCMFUT_F_0_Diário!F110 -> 74.95 | C111: =(B111-B110)/B110 -> -0.011083256 | D111: =MAX($B$3:B111) -> 77.48 | E111: =(B111-D111)/D111 -> -0.032653588
A112: =CCMFUT_F_0_Diário!B111 -> 45646 | B112: =CCMFUT_F_0_Diário!F111 -> 74.34 | C112: =(B112-B111)/B111 -> -0.0081387592 | D112: =MAX($B$3:B112) -> 77.48 | E112: =(B112-D112)/D112 -> -0.040526588
A113: =CCMFUT_F_0_Diário!B112 -> 45649 | B113: =CCMFUT_F_0_Diário!F112 -> 74.44 | C113: =(B113-B112)/B112 -> 0.0013451708 | D113: =MAX($B$3:B113) -> 77.48 | E113: =(B113-D113)/D113 -> -0.039235932
A114: =CCMFUT_F_0_Diário!B113 -> 45652 | B114: =CCMFUT_F_0_Diário!F113 -> 74.19 | C114: =(B114-B113)/B113 -> -0.0033584095 | D114: =MAX($B$3:B114) -> 77.48 | E114: =(B114-D114)/D114 -> -0.042462571
A115: =CCMFUT_F_0_Diário!B114 -> 45653 | B115: =CCMFUT_F_0_Diário!F114 -> 74.2 | C115: =(B115-B114)/B114 -> 0.00013478906 | D115: =MAX($B$3:B115) -> 77.48 | E115: =(B115-D115)/D115 -> -0.042333505
A116: =CCMFUT_F_0_Diário!B115 -> 45656 | B116: =CCMFUT_F_0_Diário!F115 -> 74.69 | C116: =(B116-B115)/B115 -> 0.0066037736 | D116: =MAX($B$3:B116) -> 77.48 | E116: =(B116-D116)/D116 -> -0.036009293
A117: =CCMFUT_F_0_Diário!B116 -> 45659 | B117: =CCMFUT_F_0_Diário!F116 -> 74.25 | C117: =(B117-B116)/B116 -> -0.0058910162 | D117: =MAX($B$3:B117) -> 77.48 | E117: =(B117-D117)/D117 -> -0.041688178
A118: =CCMFUT_F_0_Diário!B117 -> 45660 | B118: =CCMFUT_F_0_Diário!F117 -> 73.73 | C118: =(B118-B117)/B117 -> -0.007003367 | D118: =MAX($B$3:B118) -> 77.48 | E118: =(B118-D118)/D118 -> -0.048399587
A119: =CCMFUT_F_0_Diário!B118 -> 45663 | B119: =CCMFUT_F_0_Diário!F118 -> 74.95 | C119: =(B119-B118)/B118 -> 0.01654686 | D119: =MAX($B$3:B119) -> 77.48 | E119: =(B119-D119)/D119 -> -0.032653588
A120: =CCMFUT_F_0_Diário!B119 -> 45664 | B120: =CCMFUT_F_0_Diário!F119 -> 74.59 | C120: =(B120-B119)/B119 -> -0.0048032021 | D120: =MAX($B$3:B120) -> 77.48 | E120: =(B120-D120)/D120 -> -0.037299948
A121: =CCMFUT_F_0_Diário!B120 -> 45665 | B121: =CCMFUT_F_0_Diário!F120 -> 75.01 | C121: =(B121-B120)/B120 -> 0.0056307816 | D121: =MAX($B$3:B121) -> 77.48 | E121: =(B121-D121)/D121 -> -0.031879195
... A501: =CCMFUT_F_0_Diário!B500 -> 46220 | B501: =CCMFUT_F_0_Diário!F500 -> 68.8 | C501: =(B501-B500)/B500 -> 0.0054069852 | D501: =MAX($B$3:B501) -> 91.58 | E501: =(B501-D501)/D501 -> -0.24874427

Sheet Análise_À_Vista
A1: ANÁLISE DIÁRIA | G1: ANÁLISE SEMANAL | M1: ANÁLISE MENSAL | S1: RESUMO ESTATÍSTICO - DIÁRIO | V1: COMPARATIVO DE BANDAS DE DESVIO PADRÃO | AB1: CANAL DE REGRESSÃO LINEAR (1.5σ) | AI1: ESTATÍSTICAS DA REGRESSÃO | AL1: ANÁLISE DE REGRESSÃO POR ANO | BB1: ANÁLISE DO DESVIO DA VARIAÇÃO DIÁRIA POR ANO
A2: Data | B2: Fechamento | C2: Var % | D2: Máximo Acum | E2: Drawdown % | G2: Semana | H2: Fech. Semana | I2: Var % | J2: Máximo Acum | K2: Drawdown % | M2: Mês | N2: Fech. Mês | O2: Var % | P2: Máximo Acum | Q2: Drawdown % | S2: Métrica | T2: Valor | V2: Banda | W2: Diário | X2: Semanal | Y2: Mensal | AB2: Data | AC2: Fechamento | AD2: Índice | AE2: Regressão Linear | AF2: Banda Superior | AG2: Banda Inferior | AH2: Resíduo | AI2: Intercepto (a) | AJ2: =INTERCEPT(AC3:AC1136,AD3:AD1136) -> 82.304568 | AL2: Ano | AM2: Observações | AN2: Linha Início | AO2: Linha Fim | AP2: Intercepto (a) | AQ2: Slope (b) | AR2: Desvio Residual (σ) | AS2: R² | AT2: Preço Inicial | AU2: Preço Final | AV2: Var % | AW2: Banda 1.0σ | AX2: Banda 1.5σ | AY2: Banda 2.0σ | AZ2: Banda 2.5σ | BB2: Ano | BC2: Observações | BD2: Linha Início | BE2: Linha Fim | BF2: Média Var% | BG2: Desvio Padrão (σ) | BH2: Mínimo | BI2: Máximo | BJ2: Var% Anual | BK2: Preço Inicial | BL2: Preço Final | BM2: Banda 1σ | BN2: Banda 2σ
A3: =DATEVALUE(Sheet1!A2) -> 44564 | B3: =VALUE(Sheet1!B2) -> 92.01 | C3: =0 -> 0 | D3: =B3 -> 92.01 | E3: =0 -> 0 | G3: 2021-S52 | H3: =B3 -> 92.01 | I3: =0 -> 0 | J3: =H3 -> 92.01 | K3: =0 -> 0 | M3: jan/2022 | N3: =B24 -> 97.4 | O3: =0 -> 0 | P3: =N3 -> 97.4 | Q3: =0 -> 0 | S3: Média Variação | T3: =AVERAGE(C4:C1136) -> -0.00028524825 | V3: Média - 3σ | W3: =T9 -> -0.020277946 | X3: =T22 -> -0.063737163 | Y3: =T35 -> -0.19353318 | AB3: =A3 -> 44564 | AC3: =B3 -> 92.01 | AD3: =1 -> 1 | AE3: =INTERCEPT($AC$3:$AC$1136,$AD$3:$AD$1136)+SLOPE($AC$3:$AC$1136,$AD$3:$AD$1136)*AD3 -> 82.285856 | AF3: =AE3+$AJ$5*$AJ$4 -> 84.937516 | AG3: =AE3-$AJ$5*$AJ$4 -> 79.634197 | AH3: =AC3-AE3 -> 9.7241436 | AI3: Slope (b) | AJ3: =SLOPE(AC3:AC1136,AD3:AD1136) -> -0.018711963 | AL3: 2022 | AM3: 250 | AN3: 3 | AO3: 252 | AP3: {=INTERCEPT(AC3:AC252,ROW(AC3:AC252)-ROW(AC3)+1)} -> 95.781146 | AQ3: {=SLOPE(AC3:AC252,ROW(AC3:AC252)-ROW(AC3)+1)} -> -0.060764191 | AR3: {=STDEV(AC3:AC252-(AP3+AQ3*(ROW(AC3:AC252)-ROW(AC3)+1)))} -> 3.9911036 | AS3: {=RSQ(AC3:AC252,ROW(AC3:AC252)-ROW(AC3)+1)} -> 0.54794286 | AT3: =AC3 -> 92.01 | AU3: =AC252 -> 86.07 | AV3: =(AU3-AT3)/AT3 -> -0.0645582 | AW3: =AR3*1 -> 3.9911036 | AX3: =AR3*1.5 -> 5.9866554 | AY3: =AR3*2 -> 7.9822072 | AZ3: =AR3*2.5 -> 9.977759 | BB3: 2022 | BC3: =BE3-BD3+1 -> 250 | BD3: 3 | BE3: 252 | BF3: =AVERAGE(INDIRECT("C"&BD3&":C"&BE3)) -> -0.000246838 | BG3: =_xlfn.STDEV.S(INDIRECT("C"&BD3&":C"&BE3)) -> 0.006341864 | BH3: =MIN(INDIRECT("C"&BD3&":C"&BE3)) -> -0.035253744 | BI3: =MAX(INDIRECT("C"&BD3&":C"&BE3)) -> 0.021198975 | BJ3: {=(INDIRECT("B"&BE3)-INDIRECT("B"&BD3))/INDIRECT("B"&BD3)} -> -0.0645582 | BK3: {=INDIRECT("B"&BD3)} -> 92.01 | BL3: {=INDIRECT("B"&BE3)} -> 86.07 | BM3: =BG3 -> 0.006341864 | BN3: =BG3*2 -> 0.012683728
A4: =DATEVALUE(Sheet1!A3) -> 44565 | B4: =VALUE(Sheet1!B3) -> 92.72 | C4: =(B4-B3)/B3 -> 0.0077165525 | D4: =MAX(D3,B4) -> 92.72 | E4: =(B4-D4)/D4 -> 0 | G4: 2022-S01 | H4: =B8 -> 94.43 | I4: =(H4-H3)/H3 -> 0.026301489 | J4: =MAX(J3,H4) -> 94.43 | K4: =(H4-J4)/J4 -> 0 | M4: fev/2022 | N4: =B42 -> 97.34 | O4: =(N4-N3)/N3 -> -0.00061601643 | P4: =MAX(P3,N4) -> 97.4 | Q4: =(N4-P4)/P4 -> -0.00061601643 | S4: Desvio Padrão (σ) | T4: =_xlfn.STDEV.P(C4:C1136) -> 0.0066642327 | V4: Média - 2σ | W4: =T7 -> -0.013613714 | X4: =T20 -> -0.0429082 | Y4: =T33 -> -0.13083367 | AB4: =A4 -> 44565 | AC4: =B4 -> 92.72 | AD4: =2 -> 2 | AE4: =INTERCEPT($AC$3:$AC$1136,$AD$3:$AD$1136)+SLOPE($AC$3:$AC$1136,$AD$3:$AD$1136)*AD4 -> 82.267144 | AF4: =AE4+$AJ$5*$AJ$4 -> 84.918804 | AG4: =AE4-$AJ$5*$AJ$4 -> 79.615485 | AH4: =AC4-AE4 -> 10.452856 | AI4: Desvio Residual (σ) | AJ4: =STDEV(AH3:AH1136) -> 10.629804 | AL4: 2023 | AM4: 248 | AN4: 253 | AO4: 500 | AP4: {=INTERCEPT(AC253:AC500,ROW(AC253:AC500)-ROW(AC253)+1)} -> 81.576937 | AQ4: {=SLOPE(AC253:AC500,ROW(AC253:AC500)-ROW(AC253)+1)} -> -0.12505216 | AR4: {=STDEV(AC253:AC500-(AP4+AQ4*(ROW(AC253:AC500)-ROW(AC253)+1)))} -> 9.1820021 | AS4: {=RSQ(AC253:AC500,ROW(AC253:AC500)-ROW(AC253)+1)} -> 0.48836103 | AT4: =AC253 -> 86.09 | AU4: =AC500 -> 69.21 | AV4: =(AU4-AT4)/AT4 -> -0.19607388 | AW4: =AR4*1 -> 9.1820021 | AX4: =AR4*1.5 -> 13.773003 | AY4: =AR4*2 -> 18.364004 | AZ4: =AR4*2.5 -> 22.955005 | BB4: 2023 | BC4: =BE4-BD4+1 -> 248 | BD4: 253 | BE4: 500 | BF4: =AVERAGE(INDIRECT("C"&BD4&":C"&BE4)) -> -0.00084080394 | BG4: =_xlfn.STDEV.S(INDIRECT("C"&BD4&":C"&BE4)) -> 0.0087133371 | BH4: =MIN(INDIRECT("C"&BD4&":C"&BE4)) -> -0.031014621 | BI4: =MAX(INDIRECT("C"&BD4&":C"&BE4)) -> 0.027917867 | BJ4: {=(INDIRECT("B"&BE4)-INDIRECT("B"&BD4))/INDIRECT("B"&BD4)} -> -0.19607388 | BK4: {=INDIRECT("B"&BD4)} -> 86.09 | BL4: {=INDIRECT("B"&BE4)} -> 69.21 | BM4: =BG4 -> 0.0087133371 | BN4: =BG4*2 -> 0.017426674
A5: =DATEVALUE(Sheet1!A4) -> 44566 | B5: =VALUE(Sheet1!B4) -> 92.81 | C5: =(B5-B4)/B4 -> 0.00097066437 | D5: =MAX(D4,B5) -> 92.81 | E5: =(B5-D5)/D5 -> 0 | G5: 2022-S02 | H5: =B13 -> 97.16 | I5: =(H5-H4)/H4 -> 0.028910304 | J5: =MAX(J4,H5) -> 97.16 | K5: =(H5-J5)/J5 -> 0 | M5: mar/2022 | N5: =B65 -> 92.04 | O5: =(N5-N4)/N4 -> -0.054448325 | P5: =MAX(P4,N5) -> 97.4 | Q5: =(N5-P5)/P5 -> -0.055030801 | S5: Média - 1σ | T5: =T3-T4 -> -0.0069494809 | V5: Média - 1σ | W5: =T5 -> -0.0069494809 | X5: =T18 -> -0.022079236 | Y5: =T31 -> -0.068134158 | AB5: =A5 -> 44566 | AC5: =B5 -> 92.81 | AD5: =3 -> 3 | AE5: =INTERCEPT($AC$3:$AC$1136,$AD$3:$AD$1136)+SLOPE($AC$3:$AC$1136,$AD$3:$AD$1136)*AD5 -> 82.248432 | AF5: =AE5+$AJ$5*$AJ$4 -> 84.900092 | AG5: =AE5-$AJ$5*$AJ$4 -> 79.596773 | AH5: =AC5-AE5 -> 10.561568 | AI5: R² | AJ5: =RSQ(AC3:AC1136,AD3:AD1136) -> 0.24945518 | AL5: 2024 | AM5: 251 | AN5: 501 | AO5: 751 | AP5: {=INTERCEPT(AC501:AC751,ROW(AC501:AC751)-ROW(AC501)+1)} -> 58.654837 | AQ5: {=SLOPE(AC501:AC751,ROW(AC501:AC751)-ROW(AC501)+1)} -> 0.037451967 | AR5: {=STDEV(AC501:AC751-(AP5+AQ5*(ROW(AC501:AC751)-ROW(AC501)+1)))} -> 4.8011232 | AS5: {=RSQ(AC501:AC751,ROW(AC501:AC751)-ROW(AC501)+1)} -> 0.24285017 | AT5: =AC501 -> 69.75 | AU5: =AC751 -> 72.69 | AV5: =(AU5-AT5)/AT5 -> 0.042150538 | AW5: =AR5*1 -> 4.8011232 | AX5: =AR5*1.5 -> 7.2016848 | AY5: =AR5*2 -> 9.6022464 | AZ5: =AR5*2.5 -> 12.002808 | BB5: 2024 | BC5: =BE5-BD5+1 -> 251 | BD5: 501 | BE5: 751 | BF5: =AVERAGE(INDIRECT("C"&BD5&":C"&BE5)) -> 0.00021507211 | BG5: =_xlfn.STDEV.S(INDIRECT("C"&BD5&":C"&BE5)) -> 0.0062747803 | BH5: =MIN(INDIRECT("C"&BD5&":C"&BE5)) -> -0.018759019 | BI5: =MAX(INDIRECT("C"&BD5&":C"&BE5)) -> 0.022215852 | BJ5: {=(INDIRECT("B"&BE5)-INDIRECT("B"&BD5))/INDIRECT("B"&BD5)} -> 0.042150538 | BK5: {=INDIRECT("B"&BD5)} -> 69.75 | BL5: {=INDIRECT("B"&BE5)} -> 72.69 | BM5: =BG5 -> 0.0062747803 | BN5: =BG5*2 -> 0.012549561
A6: =DATEVALUE(Sheet1!A5) -> 44567 | B6: =VALUE(Sheet1!B5) -> 93.28 | C6: =(B6-B5)/B5 -> 0.0050641095 | D6: =MAX(D5,B6) -> 93.28 | E6: =(B6-D6)/D6 -> 0 | G6: 2022-S03 | H6: =B18 -> 97.93 | I6: =(H6-H5)/H5 -> 0.007925072 | J6: =MAX(J5,H6) -> 97.93 | K6: =(H6-J6)/J6 -> 0 | M6: abr/2022 | N6: =B83 -> 88.25 | O6: =(N6-N5)/N5 -> -0.041177749 | P6: =MAX(P5,N6) -> 97.4 | Q6: =(N6-P6)/P6 -> -0.093942505 | S6: Média + 1σ | T6: =T3+T4 -> 0.0063789844 | V6: Média | W6: =T3 -> -0.00028524825 | X6: =T16 -> -0.0012502725 | Y6: =T29 -> -0.0054346472 | AB6: =A6 -> 44567 | AC6: =B6 -> 93.28 | AD6: =4 -> 4 | AE6: =INTERCEPT($AC$3:$AC$1136,$AD$3:$AD$1136)+SLOPE($AC$3:$AC$1136,$AD$3:$AD$1136)*AD6 -> 82.22972 | AF6: =AE6+$AJ$5*$AJ$4 -> 84.88138 | AG6: =AE6-$AJ$5*$AJ$4 -> 79.578061 | AH6: =AC6-AE6 -> 11.05028 | AI6: Multiplicador Banda | AJ6: 1.5 | AL6: 2025 | AM6: 250 | AN6: 752 | AO6: 1001 | AP6: {=INTERCEPT(AC752:AC1001,ROW(AC752:AC1001)-ROW(AC752)+1)} -> 81.172169 | AQ6: {=SLOPE(AC752:AC1001,ROW(AC752:AC1001)-ROW(AC752)+1)} -> -0.075498715 | AR6: {=STDEV(AC752:AC1001-(AP6+AQ6*(ROW(AC752:AC1001)-ROW(AC752)+1)))} -> 6.0626934 | AS6: {=RSQ(AC752:AC1001,ROW(AC752:AC1001)-ROW(AC752)+1)} -> 0.44779584 | AT6: =AC752 -> 72.94 | AU6: =AC1001 -> 69.5 | AV6: =(AU6-AT6)/AT6 -> -0.047162051 | AW6: =AR6*1 -> 6.0626934 | AX6: =AR6*1.5 -> 9.0940401 | AY6: =AR6*2 -> 12.125387 | AZ6: =AR6*2.5 -> 15.156733 | BB6: 2025 | BC6: =BE6-BD6+1 -> 250 | BD6: 752 | BE6: 1001 | BF6: =AVERAGE(INDIRECT("C"&BD6&":C"&BE6)) -> -0.00016075566 | BG6: =_xlfn.STDEV.S(INDIRECT("C"&BD6&":C"&BE6)) -> 0.006137169 | BH6: =MIN(INDIRECT("C"&BD6&":C"&BE6)) -> -0.019994032 | BI6: =MAX(INDIRECT("C"&BD6&":C"&BE6)) -> 0.029780763 | BJ6: {=(INDIRECT("B"&BE6)-INDIRECT("B"&BD6))/INDIRECT("B"&BD6)} -> -0.047162051 | BK6: {=INDIRECT("B"&BD6)} -> 72.94 | BL6: {=INDIRECT("B"&BE6)} -> 69.5 | BM6: =BG6 -> 0.006137169 | BN6: =BG6*2 -> 0.012274338
A7: =DATEVALUE(Sheet1!A6) -> 44568 | B7: =VALUE(Sheet1!B6) -> 93.52 | C7: =(B7-B6)/B6 -> 0.0025728988 | D7: =MAX(D6,B7) -> 93.52 | E7: =(B7-D7)/D7 -> 0 | G7: 2022-S04 | H7: =B23 -> 97.42 | I7: =(H7-H6)/H6 -> -0.0052078015 | J7: =MAX(J6,H7) -> 97.93 | K7: =(H7-J7)/J7 -> -0.0052078015 | M7: mai/2022 | N7: =B106 -> 85.8 | O7: =(N7-N6)/N6 -> -0.02776204 | P7: =MAX(P6,N7) -> 97.4 | Q7: =(N7-P7)/P7 -> -0.11909651 | S7: Média - 2σ | T7: =T3-2*T4 -> -0.013613714 | V7: Média + 1σ | W7: =T6 -> 0.0063789844 | X7: =T19 -> 0.019578691 | Y7: =T32 -> 0.057264864 | AB7: =A7 -> 44568 | AC7: =B7 -> 93.52 | AD7: =5 -> 5 | AE7: =INTERCEPT($AC$3:$AC$1136,$AD$3:$AD$1136)+SLOPE($AC$3:$AC$1136,$AD$3:$AD$1136)*AD7 -> 82.211009 | AF7: =AE7+$AJ$5*$AJ$4 -> 84.862668 | AG7: =AE7-$AJ$5*$AJ$4 -> 79.559349 | AH7: =AC7-AE7 -> 11.308991 | AI7: Observações | AJ7: =1134 -> 1134 | AL7: 2026 | AM7: 135 | AN7: 1002 | AO7: 1136 | AP7: {=INTERCEPT(AC1002:AC1136,ROW(AC1002:AC1136)-ROW(AC1002)+1)} -> 70.057218 | AQ7: {=SLOPE(AC1002:AC1136,ROW(AC1002:AC1136)-ROW(AC1002)+1)} -> -0.044248854 | AR7: {=STDEV(AC1002:AC1136-(AP7+AQ7*(ROW(AC1002:AC1136)-ROW(AC1002)+1)))} -> 1.8490367 | AS7: {=RSQ(AC1002:AC1136,ROW(AC1002:AC1136)-ROW(AC1002)+1)} -> 0.46700845 | AT7: =AC1002 -> 69.45 | AU7: =AC1136 -> 64.94 | AV7: =(AU7-AT7)/AT7 -> -0.064938805 | AW7: =AR7*1 -> 1.8490367 | AX7: =AR7*1.5 -> 2.7735551 | AY7: =AR7*2 -> 3.6980734 | AZ7: =AR7*2.5 -> 4.6225918 | BB7: 2026 | BC7: =BE7-BD7+1 -> 135 | BD7: 1002 | BE7: 1136 | BF7: =AVERAGE(INDIRECT("C"&BD7&":C"&BE7)) -> -0.00049445611 | BG7: =_xlfn.STDEV.S(INDIRECT("C"&BD7&":C"&BE7)) -> 0.0040336279 | BH7: =MIN(INDIRECT("C"&BD7&":C"&BE7)) -> -0.019311634 | BI7: =MAX(INDIRECT("C"&BD7&":C"&BE7)) -> 0.0069454707 | BJ7: {=(INDIRECT("B"&BE7)-INDIRECT("B"&BD7))/INDIRECT("B"&BD7)} -> -0.064938805 | BK7: {=INDIRECT("B"&BD7)} -> 69.45 | BL7: {=INDIRECT("B"&BE7)} -> 64.94 | BM7: =BG7 -> 0.0040336279 | BN7: =BG7*2 -> 0.0080672557
A8: =DATEVALUE(Sheet1!A7) -> 44571 | B8: =VALUE(Sheet1!B7) -> 94.43 | C8: =(B8-B7)/B7 -> 0.0097305389 | D8: =MAX(D7,B8) -> 94.43 | E8: =(B8-D8)/D8 -> 0 | G8: 2022-S05 | H8: =B28 -> 96.97 | I8: =(H8-H7)/H7 -> -0.0046191747 | J8: =MAX(J7,H8) -> 97.93 | K8: =(H8-J8)/J8 -> -0.0098029205 | M8: jun/2022 | N8: =B127 -> 83.16 | O8: =(N8-N7)/N7 -> -0.030769231 | P8: =MAX(P7,N8) -> 97.4 | Q8: =(N8-P8)/P8 -> -0.14620123 | S8: Média + 2σ | T8: =T3+2*T4 -> 0.013043217 | V8: Média + 2σ | W8: =T8 -> 0.013043217 | X8: =T21 -> 0.040407655 | Y8: =T34 -> 0.11996437 | AB8: =A8 -> 44571 | AC8: =B8 -> 94.43 | AD8: =6 -> 6 | AE8: =INTERCEPT($AC$3:$AC$1136,$AD$3:$AD$1136)+SLOPE($AC$3:$AC$1136,$AD$3:$AD$1136)*AD8 -> 82.192297 | AF8: =AE8+$AJ$5*$AJ$4 -> 84.843956 | AG8: =AE8-$AJ$5*$AJ$4 -> 79.540637 | AH8: =AC8-AE8 -> 12.237703 | AL8: "TOTAL" | AM8: =SUM(AM3:AM7) -> 1134 | AN8: =MIN(AN3:AN7) -> 3 | AO8: =MAX(AO3:AO7) -> 1136 | AP8: =AJ2 -> 82.304568 | AQ8: =AJ3 -> -0.018711963 | AR8: =AJ4 -> 10.629804 | AS8: =AJ5 -> 0.24945518 | AT8: =AC3 -> 92.01 | AU8: =AC1136 -> 64.94 | AV8: =(AU8-AT8)/AT8 -> -0.29420715 | AW8: =AR8*1 -> 10.629804 | AX8: =AR8*1.5 -> 15.944706 | AY8: =AR8*2 -> 21.259608 | AZ8: =AR8*2.5 -> 26.57451 | BB8: TOTAL | BC8: =SUM(BC3:BC7) -> 1134 | BD8: 3 | BE8: 1136 | BF8: =AVERAGE(C3:C1136) -> -0.00028499671 | BG8: =_xlfn.STDEV.S(C3:C1136) -> 0.006664238 | BH8: =MIN(C3:C1136) -> -0.035253744 | BI8: =MAX(C3:C1136) -> 0.029780763 | BJ8: =(B1136-B3)/B3 -> -0.29420715 | BK8: =B3 -> 92.01 | BL8: =B1136 -> 64.94 | BM8: =BG8 -> 0.006664238 | BN8: =BG8*2 -> 0.013328476
A9: =DATEVALUE(Sheet1!A8) -> 44572 | B9: =VALUE(Sheet1!B8) -> 95.13 | C9: =(B9-B8)/B8 -> 0.0074128984 | D9: =MAX(D8,B9) -> 95.13 | E9: =(B9-D9)/D9 -> 0 | G9: 2022-S06 | H9: =B33 -> 95.98 | I9: =(H9-H8)/H8 -> -0.010209343 | J9: =MAX(J8,H9) -> 97.93 | K9: =(H9-J9)/J9 -> -0.019912182 | M9: jul/2022 | N9: =B148 -> 82.64 | O9: =(N9-N8)/N8 -> -0.0062530063 | P9: =MAX(P8,N9) -> 97.4 | Q9: =(N9-P9)/P9 -> -0.15154004 | S9: Média - 3σ | T9: =T3-3*T4 -> -0.020277946 | V9: Média + 3σ | W9: =T10 -> 0.01970745 | X9: =T23 -> 0.061236619 | Y9: =T36 -> 0.18266389 | AB9: =A9 -> 44572 | AC9: =B9 -> 95.13 | AD9: =7 -> 7 | AE9: =INTERCEPT($AC$3:$AC$1136,$AD$3:$AD$1136)+SLOPE($AC$3:$AC$1136,$AD$3:$AD$1136)*AD9 -> 82.173585 | AF9: =AE9+$AJ$5*$AJ$4 -> 84.825244 | AG9: =AE9-$AJ$5*$AJ$4 -> 79.521925 | AH9: =AC9-AE9 -> 12.956415
A10: =DATEVALUE(Sheet1!A9) -> 44573 | B10: =VALUE(Sheet1!B9) -> 95.27 | C10: =(B10-B9)/B9 -> 0.0014716703 | D10: =MAX(D9,B10) -> 95.27 | E10: =(B10-D10)/D10 -> 0 | G10: 2022-S07 | H10: =B38 -> 96.52 | I10: =(H10-H9)/H9 -> 0.0056261721 | J10: =MAX(J9,H10) -> 97.93 | K10: =(H10-J10)/J10 -> -0.014398039 | M10: ago/2022 | N10: =B171 -> 83.66 | O10: =(N10-N9)/N9 -> 0.012342691 | P10: =MAX(P9,N10) -> 97.4 | Q10: =(N10-P10)/P10 -> -0.14106776 | S10: Média + 3σ | T10: =T3+3*T4 -> 0.01970745 | AB10: =A10 -> 44573 | AC10: =B10 -> 95.27 | AD10: =8 -> 8 | AE10: =INTERCEPT($AC$3:$AC$1136,$AD$3:$AD$1136)+SLOPE($AC$3:$AC$1136,$AD$3:$AD$1136)*AD10 -> 82.154873 | AF10: =AE10+$AJ$5*$AJ$4 -> 84.806532 | AG10: =AE10-$AJ$5*$AJ$4 -> 79.503213 | AH10: =AC10-AE10 -> 13.115127 | AL10: RESUMO COMPARATIVO - DESVIO IDEAL | BB10: RESUMO ESTATÍSTICO - DESVIO DIÁRIO | BI10: ANÁLISE DE COBERTURA - DESVIO DIÁRIO
A11: =DATEVALUE(Sheet1!A10) -> 44574 | B11: =VALUE(Sheet1!B10) -> 96.5 | C11: =(B11-B10)/B10 -> 0.012910675 | D11: =MAX(D10,B11) -> 96.5 | E11: =(B11-D11)/D11 -> 0 | G11: 2022-S08 | H11: =B42 -> 97.34 | I11: =(H11-H10)/H10 -> 0.0084956486 | J11: =MAX(J10,H11) -> 97.93 | K11: =(H11-J11)/J11 -> -0.0060247115 | M11: set/2022 | N11: =B191 -> 84.42 | O11: =(N11-N10)/N10 -> 0.0090843892 | P11: =MAX(P10,N11) -> 97.4 | Q11: =(N11-P11)/P11 -> -0.13326489 | S11: Drawdown Máximo | T11: =MIN(E3:E1136) -> -0.49326275 | V11: COMPARATIVO DE DRAWDOWN | AB11: =A11 -> 44574 | AC11: =B11 -> 96.5 | AD11: =9 -> 9 | AE11: =INTERCEPT($AC$3:$AC$1136,$AD$3:$AD$1136)+SLOPE($AC$3:$AC$1136,$AD$3:$AD$1136)*AD11 -> 82.136161 | AF11: =AE11+$AJ$5*$AJ$4 -> 84.78782 | AG11: =AE11-$AJ$5*$AJ$4 -> 79.484501 | AH11: =AC11-AE11 -> 14.363839 | AL11: Métrica | AM11: Mínimo | AN11: Máximo | AO11: Média | AP11: Mediana | AQ11: Desvio Padrão | AR11: CV (%) | AS11: Total | BB11: Métrica | BC11: Desvio σ Diário | BD11: Média Var% | BE11: Mínimo | BF11: Máximo | BG11: Var% Anual | BI11: Multiplicador | BJ11: Banda (σ médio) | BK11: Cobertura Real | BL11: Teórico Normal | BM11: Gap | BN11: Status
A12: =DATEVALUE(Sheet1!A11) -> 44575 | B12: =VALUE(Sheet1!B11) -> 96.77 | C12: =(B12-B11)/B11 -> 0.0027979275 | D12: =MAX(D11,B12) -> 96.77 | E12: =(B12-D12)/D12 -> 0 | G12: 2022-S09 | H12: =B46 -> 100.19 | I12: =(H12-H11)/H11 -> 0.029278817 | J12: =MAX(J11,H12) -> 100.19 | K12: =(H12-J12)/J12 -> 0 | M12: out/2022 | N12: =B212 -> 85.11 | O12: =(N12-N11)/N11 -> 0.0081734186 | P12: =MAX(P11,N12) -> 97.4 | Q12: =(N12-P12)/P12 -> -0.1261807 | S12: Drawdown Médio | T12: =AVERAGEIF(E3:E1136,"<0") -> -0.31308799 | V12: Métrica | W12: Diário | X12: Semanal | Y12: Mensal | AB12: =A12 -> 44575 | AC12: =B12 -> 96.77 | AD12: =10 -> 10 | AE12: =INTERCEPT($AC$3:$AC$1136,$AD$3:$AD$1136)+SLOPE($AC$3:$AC$1136,$AD$3:$AD$1136)*AD12 -> 82.117449 | AF12: =AE12+$AJ$5*$AJ$4 -> 84.769108 | AG12: =AE12-$AJ$5*$AJ$4 -> 79.465789 | AH12: =AC12-AE12 -> 14.652551 | AL12: Desvio Residual (σ) | AM12: =MIN(AR3:AR7) -> 1.8490367 | AN12: =MAX(AR3:AR7) -> 9.1820021 | AO12: =AVERAGE(AR3:AR7) -> 5.1771918 | AP12: =MEDIAN(AR3:AR7) -> 4.8011232 | AQ12: =STDEV(AR3:AR7) -> 2.7132761 | AR12: =AN12/AP12 -> 1.9124696 | AS12: =AR8 -> 10.629804 | BB12: Mínimo | BC12: =MIN(BG3:BG7) -> 0.0040336279 | BD12: =MIN(BF3:BF7) -> -0.00084080394 | BE12: =MIN(BH3:BH7) -> -0.035253744 | BF12: =MIN(BI3:BI7) -> 0.0069454707 | BG12: =MIN(BJ3:BJ7) -> -0.19607388 | BI12: 1 | BJ12: =$BC$14*BI12 -> 0.0063001557 | BK12: =COUNTIFS(C3:C1136,">="&-BJ12,C3:C1136,"<="&BJ12)/COUNT(C3:C1136) -> 0.74955908 | BL12: 0.6827 | BM12: =BK12-BL12 -> 0.066859083 | BN12: =IF(ABS(BM12)<0.1,"✅ OK",IF(ABS(BM12)<0.2,"⚠️ Moderado","❌ Alto gap")) -> ✅ OK
A13: =DATEVALUE(Sheet1!A12) -> 44578 | B13: =VALUE(Sheet1!B12) -> 97.16 | C13: =(B13-B12)/B12 -> 0.0040301746 | D13: =MAX(D12,B13) -> 97.16 | E13: =(B13-D13)/D13 -> 0 | G13: 2022-S10 | H13: =B51 -> 103.9 | I13: =(H13-H12)/H12 -> 0.037029644 | J13: =MAX(J12,H13) -> 103.9 | K13: =(H13-J13)/J13 -> 0 | M13: nov/2022 | N13: =B232 -> 86 | O13: =(N13-N12)/N12 -> 0.010457056 | P13: =MAX(P12,N13) -> 97.4 | Q13: =(N13-P13)/P13 -> -0.11704312 | V13: Drawdown Máximo | W13: =T11 -> -0.49326275 | X13: =T24 -> -0.48864293 | Y13: =T37 -> -0.44815195 | AB13: =A13 -> 44578 | AC13: =B13 -> 97.16 | AD13: =11 -> 11 | AE13: =INTERCEPT($AC$3:$AC$1136,$AD$3:$AD$1136)+SLOPE($AC$3:$AC$1136,$AD$3:$AD$1136)*AD13 -> 82.098737 | AF13: =AE13+$AJ$5*$AJ$4 -> 84.750396 | AG13: =AE13-$AJ$5*$AJ$4 -> 79.447077 | AH13: =AC13-AE13 -> 15.061263 | AL13: R² | AM13: =MIN(AS3:AS7) -> 0.24285017 | AN13: =MAX(AS3:AS7) -> 0.54794286 | AO13: =AVERAGE(AS3:AS7) -> 0.43879167 | AP13: =MEDIAN(AS3:AS7) -> 0.46700845 | AQ13: =STDEV(AS3:AS7) -> 0.1158031 | AR13: =AN13/AP13 -> 1.173304 | AS13: =AS8 -> 0.24945518 | BB13: Máximo | BC13: =MAX(BG3:BG7) -> 0.0087133371 | BD13: =MAX(BF3:BF7) -> 0.00021507211 | BE13: =MAX(BH3:BH7) -> -0.018759019 | BF13: =MAX(BI3:BI7) -> 0.029780763 | BG13: =MAX(BJ3:BJ7) -> 0.042150538 | BI13: 1.5 | BJ13: =$BC$14*BI13 -> 0.0094502335 | BK13: =COUNTIFS(C3:C1136,">="&-BJ13,C3:C1136,"<="&BJ13)/COUNT(C3:C1136) -> 0.8712522 | BL13: 0.8664 | BM13: =BK13-BL13 -> 0.0048522046 | BN13: =IF(ABS(BM13)<0.1,"✅ OK",IF(ABS(BM13)<0.2,"⚠️ Moderado","❌ Alto gap")) -> ✅ OK
A14: =DATEVALUE(Sheet1!A13) -> 44579 | B14: =VALUE(Sheet1!B13) -> 97.39 | C14: =(B14-B13)/B13 -> 0.0023672293 | D14: =MAX(D13,B14) -> 97.39 | E14: =(B14-D14)/D14 -> 0 | G14: 2022-S11 | H14: =B56 -> 102.63 | I14: =(H14-H13)/H13 -> -0.012223292 | J14: =MAX(J13,H14) -> 103.9 | K14: =(H14-J14)/J14 -> -0.012223292 | M14: dez/2022 | N14: =B252 -> 86.07 | O14: =(N14-N13)/N13 -> 0.00081395349 | P14: =MAX(P13,N14) -> 97.4 | Q14: =(N14-P14)/P14 -> -0.11632444 | S14: RESUMO ESTATÍSTICO - SEMANAL | V14: Drawdown Médio | W14: =T12 -> -0.31308799 | X14: =T25 -> -0.31415363 | Y14: =T38 -> -0.27134763 | AB14: =A14 -> 44579 | AC14: =B14 -> 97.39 | AD14: =12 -> 12 | AE14: =INTERCEPT($AC$3:$AC$1136,$AD$3:$AD$1136)+SLOPE($AC$3:$AC$1136,$AD$3:$AD$1136)*AD14 -> 82.080025 | AF14: =AE14+$AJ$5*$AJ$4 -> 84.731684 | AG14: =AE14-$AJ$5*$AJ$4 -> 79.428365 | AH14: =AC14-AE14 -> 15.309975 | AL14: Slope (b) | AM14: =MIN(AQ3:AQ7) -> -0.12505216 | AN14: =MAX(AQ3:AQ7) -> 0.037451967 | AO14: =AVERAGE(AQ3:AQ7) -> -0.05362239 | AP14: =MEDIAN(AQ3:AQ7) -> -0.060764191 | AQ14: =STDEV(AQ3:AQ7) -> 0.059190777 | AR14: =AN14/AP14 -> -0.61634931 | AS14: =AQ8 -> -0.018711963 | BB14: Média | BC14: =AVERAGE(BG3:BG7) -> 0.0063001557 | BD14: =AVERAGE(BF3:BF7) -> -0.00030555632 | BE14: =AVERAGE(BH3:BH7) -> -0.02486661 | BF14: =AVERAGE(BI3:BI7) -> 0.021611786 | BG14: =AVERAGE(BJ3:BJ7) -> -0.066116479 | BI14: 2 | BJ14: =$BC$14*BI14 -> 0.012600311 | BK14: =COUNTIFS(C3:C1136,">="&-BJ14,C3:C1136,"<="&BJ14)/COUNT(C3:C1136) -> 0.9303351 | BL14: 0.9545 | BM14: =BK14-BL14 -> -0.024164903 | BN14: =IF(ABS(BM14)<0.1,"✅ OK",IF(ABS(BM14)<0.2,"⚠️ Moderado","❌ Alto gap")) -> ✅ OK
A15: =DATEVALUE(Sheet1!A14) -> 44580 | B15: =VALUE(Sheet1!B14) -> 97.7 | C15: =(B15-B14)/B14 -> 0.0031830783 | D15: =MAX(D14,B15) -> 97.7 | E15: =(B15-D15)/D15 -> 0 | G15: 2022-S12 | H15: =B61 -> 96.16 | I15: =(H15-H14)/H14 -> -0.063041996 | J15: =MAX(J14,H15) -> 103.9 | K15: =(H15-J15)/J15 -> -0.074494706 | M15: jan/2023 | N15: =B275 -> 85.76 | O15: =(N15-N14)/N14 -> -0.0036017195 | P15: =MAX(P14,N15) -> 97.4 | Q15: =(N15-P15)/P15 -> -0.11950719 | S15: Métrica | T15: Valor | AB15: =A15 -> 44580 | AC15: =B15 -> 97.7 | AD15: =13 -> 13 | AE15: =INTERCEPT($AC$3:$AC$1136,$AD$3:$AD$1136)+SLOPE($AC$3:$AC$1136,$AD$3:$AD$1136)*AD15 -> 82.061313 | AF15: =AE15+$AJ$5*$AJ$4 -> 84.712972 | AG15: =AE15-$AJ$5*$AJ$4 -> 79.409653 | AH15: =AC15-AE15 -> 15.638687 | AL15: Banda 1.0σ | AM15: =MIN(AW3:AW7) -> 1.8490367 | AN15: =MAX(AW3:AW7) -> 9.1820021 | AO15: =AVERAGE(AW3:AW7) -> 5.1771918 | AP15: =MEDIAN(AW3:AW7) -> 4.8011232 | AQ15: =STDEV(AW3:AW7) -> 2.7132761 | AR15: =AN15/AP15 -> 1.9124696 | AS15: =AW8 -> 10.629804 | BB15: Mediana | BC15: =MEDIAN(BG3:BG7) -> 0.0062747803 | BD15: =MEDIAN(BF3:BF7) -> -0.000246838 | BE15: =MEDIAN(BH3:BH7) -> -0.019994032 | BF15: =MEDIAN(BI3:BI7) -> 0.022215852 | BG15: =MEDIAN(BJ3:BJ7) -> -0.0645582 | BI15: 2.5 | BJ15: =$BC$14*BI15 -> 0.015750389 | BK15: =COUNTIFS(C3:C1136,">="&-BJ15,C3:C1136,"<="&BJ15)/COUNT(C3:C1136) -> 0.9638448 | BL15: 0.9876 | BM15: =BK15-BL15 -> -0.023755203 | BN15: =IF(ABS(BM15)<0.1,"✅ OK",IF(ABS(BM15)<0.2,"⚠️ Moderado","❌ Alto gap")) -> ✅ OK
A16: =DATEVALUE(Sheet1!A15) -> 44581 | B16: =VALUE(Sheet1!B15) -> 98.13 | C16: =(B16-B15)/B15 -> 0.0044012282 | D16: =MAX(D15,B16) -> 98.13 | E16: =(B16-D16)/D16 -> 0 | G16: 2022-S13 | H16: =B66 -> 91.55 | I16: =(H16-H15)/H15 -> -0.047940932 | J16: =MAX(J15,H16) -> 103.9 | K16: =(H16-J16)/J16 -> -0.11886429 | M16: fev/2023 | N16: =B293 -> 86.11 | O16: =(N16-N15)/N15 -> 0.0040811567 | P16: =MAX(P15,N16) -> 97.4 | Q16: =(N16-P16)/P16 -> -0.11591376 | S16: Média Variação | T16: =AVERAGE(I4:I240) -> -0.0012502725 | AB16: =A16 -> 44581 | AC16: =B16 -> 98.13 | AD16: =14 -> 14 | AE16: =INTERCEPT($AC$3:$AC$1136,$AD$3:$AD$1136)+SLOPE($AC$3:$AC$1136,$AD$3:$AD$1136)*AD16 -> 82.042601 | AF16: =AE16+$AJ$5*$AJ$4 -> 84.69426 | AG16: =AE16-$AJ$5*$AJ$4 -> 79.390941 | AH16: =AC16-AE16 -> 16.087399 | AL16: Banda 1.5σ | AM16: =MIN(AX3:AX7) -> 2.7735551 | AN16: =MAX(AX3:AX7) -> 13.773003 | AO16: =AVERAGE(AX3:AX7) -> 7.7657877 | AP16: =MEDIAN(AX3:AX7) -> 7.2016848 | AQ16: =STDEV(AX3:AX7) -> 4.0699141 | AR16: =AN16/AP16 -> 1.9124696 | AS16: =AX8 -> 15.944706 | BB16: Desvio Padrão | BC16: =_xlfn.STDEV.S(BG3:BG7) -> 0.0016575238 | BD16: =_xlfn.STDEV.S(BF3:BF7) -> 0.00039295107 | BI16: 3 | BJ16: =$BC$14*BI16 -> 0.018900467 | BK16: =COUNTIFS(C3:C1136,">="&-BJ16,C3:C1136,"<="&BJ16)/COUNT(C3:C1136) -> 0.97795414 | BL16: 0.9973 | BM16: =BK16-BL16 -> -0.019345855 | BN16: =IF(ABS(BM16)<0.1,"✅ OK",IF(ABS(BM16)<0.2,"⚠️ Moderado","❌ Alto gap")) -> ✅ OK
A17: =DATEVALUE(Sheet1!A16) -> 44582 | B17: =VALUE(Sheet1!B16) -> 98.33 | C17: =(B17-B16)/B16 -> 0.0020381127 | D17: =MAX(D16,B17) -> 98.33 | E17: =(B17-D17)/D17 -> 0 | G17: 2022-S14 | H17: =B71 -> 88.9 | I17: =(H17-H16)/H16 -> -0.028945931 | J17: =MAX(J16,H17) -> 103.9 | K17: =(H17-J17)/J17 -> -0.14436959 | M17: mar/2023 | N17: =B315 -> 82.6 | O17: =(N17-N16)/N16 -> -0.040761816 | P17: =MAX(P16,N17) -> 97.4 | Q17: =(N17-P17)/P17 -> -0.15195072 | S17: Desvio Padrão (σ) | T17: =_xlfn.STDEV.P(I4:I240) -> 0.020828964 | AB17: =A17 -> 44582 | AC17: =B17 -> 98.33 | AD17: =15 -> 15 | AE17: =INTERCEPT($AC$3:$AC$1136,$AD$3:$AD$1136)+SLOPE($AC$3:$AC$1136,$AD$3:$AD$1136)*AD17 -> 82.023889 | AF17: =AE17+$AJ$5*$AJ$4 -> 84.675548 | AG17: =AE17-$AJ$5*$AJ$4 -> 79.372229 | AH17: =AC17-AE17 -> 16.306111 | AL17: Banda 2.0σ | AM17: =MIN(AY3:AY7) -> 3.6980734 | AN17: =MAX(AY3:AY7) -> 18.364004 | AO17: =AVERAGE(AY3:AY7) -> 10.354384 | AP17: =MEDIAN(AY3:AY7) -> 9.6022464 | AQ17: =STDEV(AY3:AY7) -> 5.4265521 | AR17: =AN17/AP17 -> 1.9124696 | AS17: =AY8 -> 21.259608 | BB17: CV (%) | BC17: =BC16/BC14 -> 0.26309252 | BD17: =BD16/ABS(BD14) -> 1.2860185
A18: =DATEVALUE(Sheet1!A17) -> 44585 | B18: =VALUE(Sheet1!B17) -> 97.93 | C18: =(B18-B17)/B17 -> -0.0040679345 | D18: =MAX(D17,B18) -> 98.33 | E18: =(B18-D18)/D18 -> -0.0040679345 | G18: 2022-S15 | H18: =B75 -> 87.63 | I18: =(H18-H17)/H17 -> -0.014285714 | J18: =MAX(J17,H18) -> 103.9 | K18: =(H18-J18)/J18 -> -0.15659288 | M18: abr/2023 | N18: =B333 -> 65.61 | O18: =(N18-N17)/N17 -> -0.20569007 | P18: =MAX(P17,N18) -> 97.4 | Q18: =(N18-P18)/P18 -> -0.32638604 | S18: Média - 1σ | T18: =T16-T17 -> -0.022079236 | AB18: =A18 -> 44585 | AC18: =B18 -> 97.93 | AD18: =16 -> 16 | AE18: =INTERCEPT($AC$3:$AC$1136,$AD$3:$AD$1136)+SLOPE($AC$3:$AC$1136,$AD$3:$AD$1136)*AD18 -> 82.005177 | AF18: =AE18+$AJ$5*$AJ$4 -> 84.656837 | AG18: =AE18-$AJ$5*$AJ$4 -> 79.353517 | AH18: =AC18-AE18 -> 15.924823 | AL18: Banda 2.5σ | AM18: =MIN(AZ3:AZ7) -> 4.6225918 | AN18: =MAX(AZ3:AZ7) -> 22.955005 | AO18: =AVERAGE(AZ3:AZ7) -> 12.94298 | AP18: =MEDIAN(AZ3:AZ7) -> 12.002808 | AQ18: =STDEV(AZ3:AZ7) -> 6.7831901 | AR18: =AN18/AP18 -> 1.9124696 | AS18: =AZ8 -> 26.57451 | BB18: TOTAL | BC18: =BG8 -> 0.006664238 | BD18: =BF8 -> -0.00028499671 | BE18: =BH8 -> -0.035253744 | BF18: =BI8 -> 0.029780763 | BG18: =BJ8 -> -0.29420715
A19: =DATEVALUE(Sheet1!A18) -> 44586 | B19: =VALUE(Sheet1!B18) -> 97.76 | C19: =(B19-B18)/B18 -> -0.0017359338 | D19: =MAX(D18,B19) -> 98.33 | E19: =(B19-D19)/D19 -> -0.0057968067 | G19: 2022-S16 | H19: =B79 -> 88.71 | I19: =(H19-H18)/H18 -> 0.012324546 | J19: =MAX(J18,H19) -> 103.9 | K19: =(H19-J19)/J19 -> -0.14619827 | M19: mai/2023 | N19: =B356 -> 53.9 | O19: =(N19-N18)/N18 -> -0.17847889 | P19: =MAX(P18,N19) -> 97.4 | Q19: =(N19-P19)/P19 -> -0.44661191 | S19: Média + 1σ | T19: =T16+T17 -> 0.019578691 | AB19: =A19 -> 44586 | AC19: =B19 -> 97.76 | AD19: =17 -> 17 | AE19: =INTERCEPT($AC$3:$AC$1136,$AD$3:$AD$1136)+SLOPE($AC$3:$AC$1136,$AD$3:$AD$1136)*AD19 -> 81.986465 | AF19: =AE19+$AJ$5*$AJ$4 -> 84.638125 | AG19: =AE19-$AJ$5*$AJ$4 -> 79.334805 | AH19: =AC19-AE19 -> 15.773535
A20: =DATEVALUE(Sheet1!A19) -> 44587 | B20: =VALUE(Sheet1!B19) -> 97.9 | C20: =(B20-B19)/B19 -> 0.0014320786 | D20: =MAX(D19,B20) -> 98.33 | E20: =(B20-D20)/D20 -> -0.0043730296 | G20: 2022-S17 | H20: =B84 -> 87.87 | I20: =(H20-H19)/H19 -> -0.0094690565 | J20: =MAX(J19,H20) -> 103.9 | K20: =(H20-J20)/J20 -> -0.15428296 | M20: jun/2023 | N20: =B376 -> 55.36 | O20: =(N20-N19)/N19 -> 0.027087199 | P20: =MAX(P19,N20) -> 97.4 | Q20: =(N20-P20)/P20 -> -0.43162218 | S20: Média - 2σ | T20: =T16-2*T17 -> -0.0429082 | AB20: =A20 -> 44587 | AC20: =B20 -> 97.9 | AD20: =18 -> 18 | AE20: =INTERCEPT($AC$3:$AC$1136,$AD$3:$AD$1136)+SLOPE($AC$3:$AC$1136,$AD$3:$AD$1136)*AD20 -> 81.967753 | AF20: =AE20+$AJ$5*$AJ$4 -> 84.619413 | AG20: =AE20-$AJ$5*$AJ$4 -> 79.316093 | AH20: =AC20-AE20 -> 15.932247 | AL20: ANÁLISE E RECOMENDAÇÃO DE DESVIO PADRÃO IDEAL | BB20: CONCLUSÃO E RECOMENDAÇÃO - DESVIO DIÁRIO IDEAL
A21: =DATEVALUE(Sheet1!A20) -> 44588 | B21: =VALUE(Sheet1!B20) -> 97.37 | C21: =(B21-B20)/B20 -> -0.0054136874 | D21: =MAX(D20,B21) -> 98.33 | E21: =(B21-D21)/D21 -> -0.0097630428 | G21: 2022-S18 | H21: =B89 -> 86.15 | I21: =(H21-H20)/H20 -> -0.019574371 | J21: =MAX(J20,H21) -> 103.9 | K21: =(H21-J21)/J21 -> -0.17083734 | M21: jul/2023 | N21: =B398 -> 53.75 | O21: =(N21-N20)/N20 -> -0.02908237 | P21: =MAX(P20,N21) -> 97.4 | Q21: =(N21-P21)/P21 -> -0.44815195 | S21: Média + 2σ | T21: =T16+2*T17 -> 0.040407655 | AB21: =A21 -> 44588 | AC21: =B21 -> 97.37 | AD21: =19 -> 19 | AE21: =INTERCEPT($AC$3:$AC$1136,$AD$3:$AD$1136)+SLOPE($AC$3:$AC$1136,$AD$3:$AD$1136)*AD21 -> 81.949041 | AF21: =AE21+$AJ$5*$AJ$4 -> 84.600701 | AG21: =AE21-$AJ$5*$AJ$4 -> 79.297381 | AH21: =AC21-AE21 -> 15.420959 | AL21: Desvio Médio Anual | AN21: =AP12 -> 4.8011232 | AQ21: Média do desvio residual de cada ano | BB21: Observação 1: | BD21: A distribuição das variações diárias é muito mais próxima da normal do que os resíduos da regressão
A22: =DATEVALUE(Sheet1!A21) -> 44589 | B22: =VALUE(Sheet1!B21) -> 97.4 | C22: =(B22-B21)/B21 -> 0.00030810311 | D22: =MAX(D21,B22) -> 98.33 | E22: =(B22-D22)/D22 -> -0.0094579477 | G22: 2022-S19 | H22: =B94 -> 87.97 | I22: =(H22-H21)/H21 -> 0.021125943 | J22: =MAX(J21,H22) -> 103.9 | K22: =(H22-J22)/J22 -> -0.1533205 | M22: ago/2023 | N22: =B421 -> 53.88 | O22: =(N22-N21)/N21 -> 0.0024186047 | P22: =MAX(P21,N22) -> 97.4 | Q22: =(N22-P22)/P22 -> -0.44681725 | S22: Média - 3σ | T22: =T16-3*T17 -> -0.063737163 | AB22: =A22 -> 44589 | AC22: =B22 -> 97.4 | AD22: =20 -> 20 | AE22: =INTERCEPT($AC$3:$AC$1136,$AD$3:$AD$1136)+SLOPE($AC$3:$AC$1136,$AD$3:$AD$1136)*AD22 -> 81.930329 | AF22: =AE22+$AJ$5*$AJ$4 -> 84.581989 | AG22: =AE22-$AJ$5*$AJ$4 -> 79.278669 | AH22: =AC22-AE22 -> 15.469671 | AL22: Desvio Total (Amostra Completa) | AN22: =AS12 -> 10.629804 | AQ22: Desvio residual considerando todos os dados | BB22: Observação 2: | BD22: O desvio padrão diário é CONSISTENTE entre os anos (CV = baixo), indicando volatilidade estável
A23: =DATEVALUE(Sheet1!A22) -> 44592 | B23: =VALUE(Sheet1!B22) -> 97.42 | C23: =(B23-B22)/B22 -> 0.00020533881 | D23: =MAX(D22,B23) -> 98.33 | E23: =(B23-D23)/D23 -> -0.009254551 | G23: 2022-S20 | H23: =B99 -> 88.03 | I23: =(H23-H22)/H22 -> 0.0006820507 | J23: =MAX(J22,H23) -> 103.9 | K23: =(H23-J23)/J23 -> -0.15274302 | M23: set/2023 | N23: =B440 -> 57.47 | O23: =(N23-N22)/N22 -> 0.066629547 | P23: =MAX(P22,N23) -> 97.4 | Q23: =(N23-P23)/P23 -> -0.40995893 | S23: Média + 3σ | T23: =T16+3*T17 -> 0.061236619 | AB23: =A23 -> 44592 | AC23: =B23 -> 97.42 | AD23: =21 -> 21 | AE23: =INTERCEPT($AC$3:$AC$1136,$AD$3:$AD$1136)+SLOPE($AC$3:$AC$1136,$AD$3:$AD$1136)*AD23 -> 81.911617 | AF23: =AE23+$AJ$5*$AJ$4 -> 84.563277 | AG23: =AE23-$AJ$5*$AJ$4 -> 79.259958 | AH23: =AC23-AE23 -> 15.508383 | AL23: Razão Total/Média | AN23: =AN22/AN21 -> 2.2140244 | AQ23: Quanto o total é maior que a média anual | BB23: Observação 3: | BD23: O desvio TOTAL (0.67%) é muito próximo da média dos anos (0.63%), diferente da análise de regressão
A24: =DATEVALUE(Sheet1!A23) -> 44593 | B24: =VALUE(Sheet1!B23) -> 97.4 | C24: =(B24-B23)/B23 -> -0.00020529665 | D24: =MAX(D23,B24) -> 98.33 | E24: =(B24-D24)/D24 -> -0.0094579477 | G24: 2022-S21 | H24: =B104 -> 86.84 | I24: =(H24-H23)/H23 -> -0.013518119 | J24: =MAX(J23,H24) -> 103.9 | K24: =(H24-J24)/J24 -> -0.16419634 | M24: out/2023 | N24: =B462 -> 60.03 | O24: =(N24-N23)/N23 -> 0.04454498 | P24: =MAX(P23,N24) -> 97.4 | Q24: =(N24-P24)/P24 -> -0.38367556 | S24: Drawdown Máximo | T24: =MIN(K3:K240) -> -0.48864293 | AB24: =A24 -> 44593 | AC24: =B24 -> 97.4 | AD24: =22 -> 22 | AE24: =INTERCEPT($AC$3:$AC$1136,$AD$3:$AD$1136)+SLOPE($AC$3:$AC$1136,$AD$3:$AD$1136)*AD24 -> 81.892905 | AF24: =AE24+$AJ$5*$AJ$4 -> 84.544565 | AG24: =AE24-$AJ$5*$AJ$4 -> 79.241246 | AH24: =AC24-AE24 -> 15.507095 | BB24: Observação 4: | BD24: Todos os multiplicadores testados têm gaps pequenos vs teórico normal (< 10%)
A25: =DATEVALUE(Sheet1!A24) -> 44594 | B25: =VALUE(Sheet1!B24) -> 97.14 | C25: =(B25-B24)/B24 -> -0.0026694045 | D25: =MAX(D24,B25) -> 98.33 | E25: =(B25-D25)/D25 -> -0.012102105 | G25: 2022-S22 | H25: =B109 -> 84.8 | I25: =(H25-H24)/H24 -> -0.023491479 | J25: =MAX(J24,H25) -> 103.9 | K25: =(H25-J25)/J25 -> -0.18383061 | M25: nov/2023 | N25: =B482 -> 62.63 | O25: =(N25-N24)/N24 -> 0.043311677 | P25: =MAX(P24,N25) -> 97.4 | Q25: =(N25-P25)/P25 -> -0.35698152 | S25: Drawdown Médio | T25: =AVERAGEIF(K3:K240,"<0") -> -0.31415363 | AB25: =A25 -> 44594 | AC25: =B25 -> 97.14 | AD25: =23 -> 23 | AE25: =INTERCEPT($AC$3:$AC$1136,$AD$3:$AD$1136)+SLOPE($AC$3:$AC$1136,$AD$3:$AD$1136)*AD25 -> 81.874193 | AF25: =AE25+$AJ$5*$AJ$4 -> 84.525853 | AG25: =AE25-$AJ$5*$AJ$4 -> 79.222534 | AH25: =AC25-AE25 -> 15.265807 | AL25: Desvio Mínimo Anual | AN25: =AM12 -> 1.8490367 | AQ25: Ano com menor volatilidade
A26: =DATEVALUE(Sheet1!A25) -> 44595 | B26: =VALUE(Sheet1!B25) -> 96.82 | C26: =(B26-B25)/B25 -> -0.0032942145 | D26: =MAX(D25,B26) -> 98.33 | E26: =(B26-D26)/D26 -> -0.015356453 | G26: 2022-S23 | H26: =B114 -> 85.41 | I26: =(H26-H25)/H25 -> 0.0071933962 | J26: =MAX(J25,H26) -> 103.9 | K26: =(H26-J26)/J26 -> -0.17795958 | M26: dez/2023 | N26: =B500 -> 69.21 | O26: =(N26-N25)/N25 -> 0.10506147 | P26: =MAX(P25,N26) -> 97.4 | Q26: =(N26-P26)/P26 -> -0.28942505 | AB26: =A26 -> 44595 | AC26: =B26 -> 96.82 | AD26: =24 -> 24 | AE26: =INTERCEPT($AC$3:$AC$1136,$AD$3:$AD$1136)+SLOPE($AC$3:$AC$1136,$AD$3:$AD$1136)*AD26 -> 81.855481 | AF26: =AE26+$AJ$5*$AJ$4 -> 84.507141 | AG26: =AE26-$AJ$5*$AJ$4 -> 79.203822 | AH26: =AC26-AE26 -> 14.964519 | AL26: Desvio Máximo Anual | AN26: =AN12 -> 9.1820021 | AQ26: Ano com maior volatilidade | BB26: ⭐ DESVIO DIÁRIO RECOMENDADO
A27: =DATEVALUE(Sheet1!A26) -> 44596 | B27: =VALUE(Sheet1!B26) -> 97.13 | C27: =(B27-B26)/B26 -> 0.0032018178 | D27: =MAX(D26,B27) -> 98.33 | E27: =(B27-D27)/D27 -> -0.012203804 | G27: 2022-S24 | H27: =B118 -> 87.42 | I27: =(H27-H26)/H26 -> 0.023533544 | J27: =MAX(J26,H27) -> 103.9 | K27: =(H27-J27)/J27 -> -0.15861405 | M27: jan/2024 | N27: =B523 -> 61.45 | O27: =(N27-N26)/N26 -> -0.11212253 | P27: =MAX(P26,N27) -> 97.4 | Q27: =(N27-P27)/P27 -> -0.36909651 | S27: RESUMO ESTATÍSTICO - MENSAL | AB27: =A27 -> 44596 | AC27: =B27 -> 97.13 | AD27: =25 -> 25 | AE27: =INTERCEPT($AC$3:$AC$1136,$AD$3:$AD$1136)+SLOPE($AC$3:$AC$1136,$AD$3:$AD$1136)*AD27 -> 81.836769 | AF27: =AE27+$AJ$5*$AJ$4 -> 84.488429 | AG27: =AE27-$AJ$5*$AJ$4 -> 79.18511 | AH27: =AC27-AE27 -> 15.293231 | AL27: Amplitude (Max - Min) | AN27: =AN26-AN25 -> 7.3329654 | AQ27: Variação entre anos | BB27: Desvio σ Diário: | BD27: =BC14 -> 0.0063001557
A28: =DATEVALUE(Sheet1!A27) -> 44599 | B28: =VALUE(Sheet1!B27) -> 96.97 | C28: =(B28-B27)/B27 -> -0.0016472768 | D28: =MAX(D27,B28) -> 98.33 | E28: =(B28-D28)/D28 -> -0.013830977 | G28: 2022-S25 | H28: =B123 -> 84.75 | I28: =(H28-H27)/H27 -> -0.03054221 | J28: =MAX(J27,H28) -> 103.9 | K28: =(H28-J28)/J28 -> -0.18431184 | M28: fev/2024 | N28: =B542 -> 62.72 | O28: =(N28-N27)/N27 -> 0.020667209 | P28: =MAX(P27,N28) -> 97.4 | Q28: =(N28-P28)/P28 -> -0.35605749 | S28: Métrica | T28: Valor | AB28: =A28 -> 44599 | AC28: =B28 -> 96.97 | AD28: =26 -> 26 | AE28: =INTERCEPT($AC$3:$AC$1136,$AD$3:$AD$1136)+SLOPE($AC$3:$AC$1136,$AD$3:$AD$1136)*AD28 -> 81.818057 | AF28: =AE28+$AJ$5*$AJ$4 -> 84.469717 | AG28: =AE28-$AJ$5*$AJ$4 -> 79.166398 | AH28: =AC28-AE28 -> 15.151943 | BB28: Multiplicador: | BD28: 2
A29: =DATEVALUE(Sheet1!A28) -> 44600 | B29: =VALUE(Sheet1!B28) -> 97.14 | C29: =(B29-B28)/B28 -> 0.0017531195 | D29: =MAX(D28,B29) -> 98.33 | E29: =(B29-D29)/D29 -> -0.012102105 | G29: 2022-S26 | H29: =B128 -> 83.24 | I29: =(H29-H28)/H28 -> -0.017817109 | J29: =MAX(J28,H29) -> 103.9 | K29: =(H29-J29)/J29 -> -0.19884504 | M29: mar/2024 | N29: =B562 -> 61.71 | O29: =(N29-N28)/N28 -> -0.016103316 | P29: =MAX(P28,N29) -> 97.4 | Q29: =(N29-P29)/P29 -> -0.3664271 | S29: Média Variação | T29: =AVERAGE(O4:O57) -> -0.0054346472 | AB29: =A29 -> 44600 | AC29: =B29 -> 97.14 | AD29: =27 -> 27 | AE29: =INTERCEPT($AC$3:$AC$1136,$AD$3:$AD$1136)+SLOPE($AC$3:$AC$1136,$AD$3:$AD$1136)*AD29 -> 81.799345 | AF29: =AE29+$AJ$5*$AJ$4 -> 84.451005 | AG29: =AE29-$AJ$5*$AJ$4 -> 79.147686 | AH29: =AC29-AE29 -> 15.340655 | AL29: 📊 DESVIO RECOMENDADO | AN29: =AP12 -> 4.8011232 | AQ29: Baseado na média dos anos individuais | BB29: Banda Diária: | BD29: =BD27*BD28 -> 0.012600311
A30: =DATEVALUE(Sheet1!A29) -> 44601 | B30: =VALUE(Sheet1!B29) -> 96.93 | C30: =(B30-B29)/B29 -> -0.0021618283 | D30: =MAX(D29,B30) -> 98.33 | E30: =(B30-D30)/D30 -> -0.014237771 | G30: 2022-S27 | H30: =B133 -> 82.36 | I30: =(H30-H29)/H29 -> -0.01057184 | J30: =MAX(J29,H30) -> 103.9 | K30: =(H30-J30)/J30 -> -0.20731473 | M30: abr/2024 | N30: =B583 -> 57.93 | O30: =(N30-N29)/N29 -> -0.061254254 | P30: =MAX(P29,N30) -> 97.4 | Q30: =(N30-P30)/P30 -> -0.40523614 | S30: Desvio Padrão (σ) | T30: =_xlfn.STDEV.P(O4:O57) -> 0.062699511 | AB30: =A30 -> 44601 | AC30: =B30 -> 96.93 | AD30: =28 -> 28 | AE30: =INTERCEPT($AC$3:$AC$1136,$AD$3:$AD$1136)+SLOPE($AC$3:$AC$1136,$AD$3:$AD$1136)*AD30 -> 81.780633 | AF30: =AE30+$AJ$5*$AJ$4 -> 84.432293 | AG30: =AE30-$AJ$5*$AJ$4 -> 79.128974 | AH30: =AC30-AE30 -> 15.149367 | AL30: Justificativa | AQ30: O desvio médio anual captura melhor a volatilidade típica de cada ano, sem ser inflado pela tendência de longo prazo | BB30: Cobertura Esperada: | BD30: =BK14 -> 0.9303351
A31: =DATEVALUE(Sheet1!A30) -> 44602 | B31: =VALUE(Sheet1!B30) -> 97.08 | C31: =(B31-B30)/B30 -> 0.0015475085 | D31: =MAX(D30,B31) -> 98.33 | E31: =(B31-D31)/D31 -> -0.012712295 | G31: 2022-S28 | H31: =B138 -> 82.36 | I31: =(H31-H30)/H30 -> 0 | J31: =MAX(J30,H31) -> 103.9 | K31: =(H31-J31)/J31 -> -0.20731473 | M31: mai/2024 | N31: =B604 -> 59.36 | O31: =(N31-N30)/N30 -> 0.024684965 | P31: =MAX(P30,N31) -> 97.4 | Q31: =(N31-P31)/P31 -> -0.39055441 | S31: Média - 1σ | T31: =T29-T30 -> -0.068134158 | AB31: =A31 -> 44602 | AC31: =B31 -> 97.08 | AD31: =29 -> 29 | AE31: =INTERCEPT($AC$3:$AC$1136,$AD$3:$AD$1136)+SLOPE($AC$3:$AC$1136,$AD$3:$AD$1136)*AD31 -> 81.761921 | AF31: =AE31+$AJ$5*$AJ$4 -> 84.413581 | AG31: =AE31-$AJ$5*$AJ$4 -> 79.110262 | AH31: =AC31-AE31 -> 15.318079 | BB31: Justificativa: | BD31: Usar σ médio anual (0.63%) com multiplicador 2x = banda de ±1.26%. Cobertura real de ~93% (muito próximo do teórico 95.5%)
A32: =DATEVALUE(Sheet1!A31) -> 44603 | B32: =VALUE(Sheet1!B31) -> 97.05 | C32: =(B32-B31)/B31 -> -0.00030902349 | D32: =MAX(D31,B32) -> 98.33 | E32: =(B32-D32)/D32 -> -0.01301739 | G32: 2022-S29 | H32: =B143 -> 80.2 | I32: =(H32-H31)/H31 -> -0.026226323 | J32: =MAX(J31,H32) -> 103.9 | K32: =(H32-J32)/J32 -> -0.22810395 | M32: jun/2024 | N32: =B625 -> 57.32 | O32: =(N32-N31)/N31 -> -0.034366577 | P32: =MAX(P31,N32) -> 97.4 | Q32: =(N32-P32)/P32 -> -0.41149897 | S32: Média + 1σ | T32: =T29+T30 -> 0.057264864 | AB32: =A32 -> 44603 | AC32: =B32 -> 97.05 | AD32: =30 -> 30 | AE32: =INTERCEPT($AC$3:$AC$1136,$AD$3:$AD$1136)+SLOPE($AC$3:$AC$1136,$AD$3:$AD$1136)*AD32 -> 81.743209 | AF32: =AE32+$AJ$5*$AJ$4 -> 84.394869 | AG32: =AE32-$AJ$5*$AJ$4 -> 79.09155 | AH32: =AC32-AE32 -> 15.306791 | AL32: ANÁLISE DE COBERTURA - DIAS DENTRO DO CANAL POR MULTIPLICADOR
A33: =DATEVALUE(Sheet1!A32) -> 44606 | B33: =VALUE(Sheet1!B32) -> 95.98 | C33: =(B33-B32)/B32 -> -0.011025245 | D33: =MAX(D32,B33) -> 98.33 | E33: =(B33-D33)/D33 -> -0.023899115 | G33: 2022-S30 | H33: =B148 -> 82.64 | I33: =(H33-H32)/H32 -> 0.03042394 | J33: =MAX(J32,H33) -> 103.9 | K33: =(H33-J33)/J33 -> -0.20461983 | M33: jul/2024 | N33: =B648 -> 59.44 | O33: =(N33-N32)/N32 -> 0.036985345 | P33: =MAX(P32,N33) -> 97.4 | Q33: =(N33-P33)/P33 -> -0.38973306 | S33: Média - 2σ | T33: =T29-2*T30 -> -0.13083367 | AB33: =A33 -> 44606 | AC33: =B33 -> 95.98 | AD33: =31 -> 31 | AE33: =INTERCEPT($AC$3:$AC$1136,$AD$3:$AD$1136)+SLOPE($AC$3:$AC$1136,$AD$3:$AD$1136)*AD33 -> 81.724497 | AF33: =AE33+$AJ$5*$AJ$4 -> 84.376157 | AG33: =AE33-$AJ$5*$AJ$4 -> 79.072838 | AH33: =AC33-AE33 -> 14.255503 | AL33: Multiplicador | AM33: Banda (R$) | AN33: 2022 (%) | AO33: 2023 (%) | AP33: 2024 (%) | AQ33: 2025 (%) | AR33: 2026 (%) | AS33: Total (%) | AT33: Média Anos | AU33: Teórico Normal | AV33: Diferença | BB33: COMPARATIVO: DESVIO DIÁRIO vs DESVIO REGRESSÃO
A34: =DATEVALUE(Sheet1!A33) -> 44607 | B34: =VALUE(Sheet1!B33) -> 96.55 | C34: =(B34-B33)/B33 -> 0.0059387372 | D34: =MAX(D33,B34) -> 98.33 | E34: =(B34-D34)/D34 -> -0.018102309 | G34: 2022-S31 | H34: =B153 -> 82.05 | I34: =(H34-H33)/H33 -> -0.0071393998 | J34: =MAX(J33,H34) -> 103.9 | K34: =(H34-J34)/J34 -> -0.21029836 | M34: ago/2024 | N34: =B669 -> 60.59 | O34: =(N34-N33)/N33 -> 0.019347241 | P34: =MAX(P33,N34) -> 97.4 | Q34: =(N34-P34)/P34 -> -0.37792608 | S34: Média + 2σ | T34: =T29+2*T30 -> 0.11996437 | AB34: =A34 -> 44607 | AC34: =B34 -> 96.55 | AD34: =32 -> 32 | AE34: =INTERCEPT($AC$3:$AC$1136,$AD$3:$AD$1136)+SLOPE($AC$3:$AC$1136,$AD$3:$AD$1136)*AD34 -> 81.705786 | AF34: =AE34+$AJ$5*$AJ$4 -> 84.357445 | AG34: =AE34-$AJ$5*$AJ$4 -> 79.054126 | AH34: =AC34-AE34 -> 14.844214 | AL34: 1 | AM34: =$AN$21*1 -> 4.8011232 | AN34: {=SUMPRODUCT((ABS($AH$3:$AH$252)<=$AM34)*1)/250} -> 0.24 | AO34: {=SUMPRODUCT((ABS($AH$253:$AH$500)<=$AM34)*1)/248} -> 0.048387097 | AP34: {=SUMPRODUCT((ABS($AH$501:$AH$751)<=$AM34)*1)/251} -> 0.22709163 | AQ34: {=SUMPRODUCT((ABS($AH$752:$AH$1001)<=$AM34)*1)/250} -> 0.548 | AR34: {=SUMPRODUCT((ABS($AH$1002:$AH$1136)<=$AM34)*1)/135} -> 0.6 | AS34: {=SUMPRODUCT((ABS($AH$3:$AH$1136)<=$AM34)*1)/1134} -> 0.30599647 | AT34: =AVERAGE(AN34:AR34) -> 0.33269575 | AU34: 0.6827 | AV34: =AT34-AU34 -> -0.35000425 | BB34: Métrica | BC34: Desvio Diário (%) | BD34: Desvio Regressão (R$) | BE34: Unidade | BF34: Aplicação | BG34: Vantagem
A35: =DATEVALUE(Sheet1!A34) -> 44608 | B35: =VALUE(Sheet1!B34) -> 96.53 | C35: =(B35-B34)/B34 -> -0.00020714656 | D35: =MAX(D34,B35) -> 98.33 | E35: =(B35-D35)/D35 -> -0.018305705 | G35: 2022-S32 | H35: =B158 -> 81.41 | I35: =(H35-H34)/H34 -> -0.0078001219 | J35: =MAX(J34,H35) -> 103.9 | K35: =(H35-J35)/J35 -> -0.21645813 | M35: set/2024 | N35: =B691 -> 65.04 | O35: =(N35-N34)/N34 -> 0.073444463 | P35: =MAX(P34,N35) -> 97.4 | Q35: =(N35-P35)/P35 -> -0.33223819 | S35: Média - 3σ | T35: =T29-3*T30 -> -0.19353318 | AB35: =A35 -> 44608 | AC35: =B35 -> 96.53 | AD35: =33 -> 33 | AE35: =INTERCEPT($AC$3:$AC$1136,$AD$3:$AD$1136)+SLOPE($AC$3:$AC$1136,$AD$3:$AD$1136)*AD35 -> 81.687074 | AF35: =AE35+$AJ$5*$AJ$4 -> 84.338733 | AG35: =AE35-$AJ$5*$AJ$4 -> 79.035414 | AH35: =AC35-AE35 -> 14.842926 | AL35: 1.5 | AM35: =$AN$21*1.5 -> 7.2016848 | AN35: {=SUMPRODUCT((ABS($AH$3:$AH$252)<=$AM35)*1)/250} -> 0.564 | AO35: {=SUMPRODUCT((ABS($AH$253:$AH$500)<=$AM35)*1)/248} -> 0.12903226 | AP35: {=SUMPRODUCT((ABS($AH$501:$AH$751)<=$AM35)*1)/251} -> 0.32669323 | AQ35: {=SUMPRODUCT((ABS($AH$752:$AH$1001)<=$AM35)*1)/250} -> 0.736 | AR35: {=SUMPRODUCT((ABS($AH$1002:$AH$1136)<=$AM35)*1)/135} -> 0.81481481 | AS35: {=SUMPRODUCT((ABS($AH$3:$AH$1136)<=$AM35)*1)/1134} -> 0.48412698 | AT35: =AVERAGE(AN35:AR35) -> 0.51410806 | AU35: 0.8664 | AV35: =AT35-AU35 -> -0.35229194 | BB35: σ Médio Anual | BC35: =BC14 -> 0.0063001557 | BD35: =Análise_À_Vista!AP12 -> 4.8011232 | BE35: % | BF35: Volatilidade típica | BG35: Mais estável entre anos
A36: =DATEVALUE(Sheet1!A35) -> 44609 | B36: =VALUE(Sheet1!B35) -> 96.51 | C36: =(B36-B35)/B35 -> -0.00020718947 | D36: =MAX(D35,B36) -> 98.33 | E36: =(B36-D36)/D36 -> -0.018509102 | G36: 2022-S33 | H36: =B163 -> 81.9 | I36: =(H36-H35)/H35 -> 0.0060189166 | J36: =MAX(J35,H36) -> 103.9 | K36: =(H36-J36)/J36 -> -0.21174206 | M36: out/2024 | N36: =B714 -> 73.11 | O36: =(N36-N35)/N35 -> 0.12407749 | P36: =MAX(P35,N36) -> 97.4 | Q36: =(N36-P36)/P36 -> -0.24938398 | S36: Média + 3σ | T36: =T29+3*T30 -> 0.18266389 | AB36: =A36 -> 44609 | AC36: =B36 -> 96.51 | AD36: =34 -> 34 | AE36: =INTERCEPT($AC$3:$AC$1136,$AD$3:$AD$1136)+SLOPE($AC$3:$AC$1136,$AD$3:$AD$1136)*AD36 -> 81.668362 | AF36: =AE36+$AJ$5*$AJ$4 -> 84.320021 | AG36: =AE36-$AJ$5*$AJ$4 -> 79.016702 | AH36: =AC36-AE36 -> 14.841638 | AL36: 2 | AM36: =$AN$21*2 -> 9.6022464 | AN36: {=SUMPRODUCT((ABS($AH$3:$AH$252)<=$AM36)*1)/250} -> 0.744 | AO36: {=SUMPRODUCT((ABS($AH$253:$AH$500)<=$AM36)*1)/248} -> 0.37096774 | AP36: {=SUMPRODUCT((ABS($AH$501:$AH$751)<=$AM36)*1)/251} -> 0.48605578 | AQ36: {=SUMPRODUCT((ABS($AH$752:$AH$1001)<=$AM36)*1)/250} -> 0.772 | AR36: {=SUMPRODUCT((ABS($AH$1002:$AH$1136)<=$AM36)*1)/135} -> 1 | AS36: {=SUMPRODUCT((ABS($AH$3:$AH$1136)<=$AM36)*1)/1134} -> 0.64197531 | AT36: =AVERAGE(AN36:AR36) -> 0.6746047 | AU36: 0.9545 | AV36: =AT36-AU36 -> -0.2798953 | BB36: σ Total | BC36: =BC18 -> 0.006664238 | BD36: =Análise_À_Vista!AS12 -> 10.629804 | BE36: R$ | BF36: Toda a série | BG36: Considera tendência
A37: =DATEVALUE(Sheet1!A36) -> 44610 | B37: =VALUE(Sheet1!B36) -> 96.49 | C37: =(B37-B36)/B36 -> -0.00020723241 | D37: =MAX(D36,B37) -> 98.33 | E37: =(B37-D37)/D37 -> -0.018712499 | G37: 2022-S34 | H37: =B168 -> 83.8 | I37: =(H37-H36)/H36 -> 0.023199023 | J37: =MAX(J36,H37) -> 103.9 | K37: =(H37-J37)/J37 -> -0.19345525 | M37: nov/2024 | N37: =B732 -> 72.77 | O37: =(N37-N36)/N36 -> -0.0046505266 | P37: =MAX(P36,N37) -> 97.4 | Q37: =(N37-P37)/P37 -> -0.25287474 | S37: Drawdown Máximo | T37: =MIN(Q3:Q57) -> -0.44815195 | AB37: =A37 -> 44610 | AC37: =B37 -> 96.49 | AD37: =35 -> 35 | AE37: =INTERCEPT($AC$3:$AC$1136,$AD$3:$AD$1136)+SLOPE($AC$3:$AC$1136,$AD$3:$AD$1136)*AD37 -> 81.64965 | AF37: =AE37+$AJ$5*$AJ$4 -> 84.301309 | AG37: =AE37-$AJ$5*$AJ$4 -> 78.99799 | AH37: =AC37-AE37 -> 14.84035 | AL37: 2.5 | AM37: =$AN$21*2.5 -> 12.002808 | AN37: {=SUMPRODUCT((ABS($AH$3:$AH$252)<=$AM37)*1)/250} -> 0.784 | AO37: {=SUMPRODUCT((ABS($AH$253:$AH$500)<=$AM37)*1)/248} -> 0.42741935 | AP37: {=SUMPRODUCT((ABS($AH$501:$AH$751)<=$AM37)*1)/251} -> 0.76095618 | AQ37: {=SUMPRODUCT((ABS($AH$752:$AH$1001)<=$AM37)*1)/250} -> 0.8 | AR37: {=SUMPRODUCT((ABS($AH$1002:$AH$1136)<=$AM37)*1)/135} -> 1 | AS37: {=SUMPRODUCT((ABS($AH$3:$AH$1136)<=$AM37)*1)/1134} -> 0.73015873 | AT37: =AVERAGE(AN37:AR37) -> 0.75447511 | AU37: 0.9876 | AV37: =AT37-AU37 -> -0.23312489 | BB37: CV (variação) | BC37: =BC17 -> 0.26309252 | BE37: % | BF37: Consistência | BG37: Diário mais consistente
A38: =DATEVALUE(Sheet1!A37) -> 44613 | B38: =VALUE(Sheet1!B37) -> 96.52 | C38: =(B38-B37)/B37 -> 0.00031091305 | D38: =MAX(D37,B38) -> 98.33 | E38: =(B38-D38)/D38 -> -0.018407404 | G38: 2022-S35 | H38: =B173 -> 83.26 | I38: =(H38-H37)/H37 -> -0.0064439141 | J38: =MAX(J37,H38) -> 103.9 | K38: =(H38-J38)/J38 -> -0.19865255 | M38: dez/2024 | N38: =B751 -> 72.69 | O38: =(N38-N37)/N37 -> -0.0010993541 | P38: =MAX(P37,N38) -> 97.4 | Q38: =(N38-P38)/P38 -> -0.2536961 | S38: Drawdown Médio | T38: =AVERAGEIF(Q3:Q57,"<0") -> -0.27134763 | AB38: =A38 -> 44613 | AC38: =B38 -> 96.52 | AD38: =36 -> 36 | AE38: =INTERCEPT($AC$3:$AC$1136,$AD$3:$AD$1136)+SLOPE($AC$3:$AC$1136,$AD$3:$AD$1136)*AD38 -> 81.630938 | AF38: =AE38+$AJ$5*$AJ$4 -> 84.282597 | AG38: =AE38-$AJ$5*$AJ$4 -> 78.979278 | AH38: =AC38-AE38 -> 14.889062 | AL38: 3 | AM38: =$AN$21*3 -> 14.40337 | AN38: {=SUMPRODUCT((ABS($AH$3:$AH$252)<=$AM38)*1)/250} -> 0.804 | AO38: {=SUMPRODUCT((ABS($AH$253:$AH$500)<=$AM38)*1)/248} -> 0.52822581 | AP38: {=SUMPRODUCT((ABS($AH$501:$AH$751)<=$AM38)*1)/251} -> 0.98406375 | AQ38: {=SUMPRODUCT((ABS($AH$752:$AH$1001)<=$AM38)*1)/250} -> 0.832 | AR38: {=SUMPRODUCT((ABS($AH$1002:$AH$1136)<=$AM38)*1)/135} -> 1 | AS38: {=SUMPRODUCT((ABS($AH$3:$AH$1136)<=$AM38)*1)/1134} -> 0.81305115 | AT38: =AVERAGE(AN38:AR38) -> 0.82965791 | AU38: 0.9973 | AV38: =AT38-AU38 -> -0.16764209 | BB38: Cobertura 2σ | BC38: =BK14 -> 0.9303351 | BD38: =Análise_À_Vista!AT36 -> 0.6746047 | BE38: % | BF38: Teste normalidade | BG38: Diário mais próximo
A39: =DATEVALUE(Sheet1!A38) -> 44614 | B39: =VALUE(Sheet1!B38) -> 96.8 | C39: =(B39-B38)/B38 -> 0.0029009532 | D39: =MAX(D38,B39) -> 98.33 | E39: =(B39-D39)/D39 -> -0.015559849 | G39: 2022-S36 | H39: =B177 -> 83.95 | I39: =(H39-H38)/H38 -> 0.0082872928 | J39: =MAX(J38,H39) -> 103.9 | K39: =(H39-J39)/J39 -> -0.19201155 | M39: jan/2025 | N39: =B773 -> 74.99 | O39: =(N39-N38)/N38 -> 0.031641216 | P39: =MAX(P38,N39) -> 97.4 | Q39: =(N39-P39)/P39 -> -0.23008214 | AB39: =A39 -> 44614 | AC39: =B39 -> 96.8 | AD39: =37 -> 37 | AE39: =INTERCEPT($AC$3:$AC$1136,$AD$3:$AD$1136)+SLOPE($AC$3:$AC$1136,$AD$3:$AD$1136)*AD39 -> 81.612226 | AF39: =AE39+$AJ$5*$AJ$4 -> 84.263885 | AG39: =AE39-$AJ$5*$AJ$4 -> 78.960566 | AH39: =AC39-AE39 -> 15.187774 | BB39: Gap vs Normal | BC39: =BM14 -> -0.024164903 | BD39: =Análise_À_Vista!AV36 -> -0.2798953 | BE39: p.p. | BF39: Adequação modelo | BG39: Diário menor gap
A40: =DATEVALUE(Sheet1!A39) -> 44615 | B40: =VALUE(Sheet1!B39) -> 96.85 | C40: =(B40-B39)/B39 -> 0.00051652893 | D40: =MAX(D39,B40) -> 98.33 | E40: =(B40-D40)/D40 -> -0.015051358 | G40: 2022-S37 | H40: =B182 -> 84.02 | I40: =(H40-H39)/H39 -> 0.00083382966 | J40: =MAX(J39,H40) -> 103.9 | K40: =(H40-J40)/J40 -> -0.19133782 | M40: fev/2025 | N40: =B793 -> 87.49 | O40: =(N40-N39)/N39 -> 0.16668889 | P40: =MAX(P39,N40) -> 97.4 | Q40: =(N40-P40)/P40 -> -0.10174538 | AB40: =A40 -> 44615 | AC40: =B40 -> 96.85 | AD40: =38 -> 38 | AE40: =INTERCEPT($AC$3:$AC$1136,$AD$3:$AD$1136)+SLOPE($AC$3:$AC$1136,$AD$3:$AD$1136)*AD40 -> 81.593514 | AF40: =AE40+$AJ$5*$AJ$4 -> 84.245173 | AG40: =AE40-$AJ$5*$AJ$4 -> 78.941854 | AH40: =AC40-AE40 -> 15.256486 | AL40: CONCLUSÃO E RECOMENDAÇÃO FINAL
A41: =DATEVALUE(Sheet1!A40) -> 44616 | B41: =VALUE(Sheet1!B40) -> 96.89 | C41: =(B41-B40)/B40 -> 0.00041300981 | D41: =MAX(D40,B41) -> 98.33 | E41: =(B41-D41)/D41 -> -0.014644564 | G41: 2022-S38 | H41: =B187 -> 84.58 | I41: =(H41-H40)/H40 -> 0.0066650797 | J41: =MAX(J40,H41) -> 103.9 | K41: =(H41-J41)/J41 -> -0.18594803 | M41: mar/2025 | N41: =B813 -> 86.62 | O41: =(N41-N40)/N40 -> -0.0099439936 | P41: =MAX(P40,N41) -> 97.4 | Q41: =(N41-P41)/P41 -> -0.11067762 | AB41: =A41 -> 44616 | AC41: =B41 -> 96.89 | AD41: =39 -> 39 | AE41: =INTERCEPT($AC$3:$AC$1136,$AD$3:$AD$1136)+SLOPE($AC$3:$AC$1136,$AD$3:$AD$1136)*AD41 -> 81.574802 | AF41: =AE41+$AJ$5*$AJ$4 -> 84.226461 | AG41: =AE41-$AJ$5*$AJ$4 -> 78.923142 | AH41: =AC41-AE41 -> 15.315198 | AL41: Observação 1: | AO41: O desvio da amostra TOTAL (10.63) é inflado pela tendência de longo prazo (queda de -29%) | BB41: 📊 RESUMO: QUAL DESVIO USAR?
A42: =DATEVALUE(Sheet1!A41) -> 44617 | B42: =VALUE(Sheet1!B41) -> 97.34 | C42: =(B42-B41)/B41 -> 0.0046444422 | D42: =MAX(D41,B42) -> 98.33 | E42: =(B42-D42)/D42 -> -0.010068138 | G42: 2022-S39 | H42: =B192 -> 84.14 | I42: =(H42-H41)/H41 -> -0.0052021755 | J42: =MAX(J41,H42) -> 103.9 | K42: =(H42-J42)/J42 -> -0.19018287 | M42: abr/2025 | N42: =B832 -> 80.13 | O42: =(N42-N41)/N41 -> -0.07492496 | P42: =MAX(P41,N42) -> 97.4 | Q42: =(N42-P42)/P42 -> -0.17731006 | AB42: =A42 -> 44617 | AC42: =B42 -> 97.34 | AD42: =40 -> 40 | AE42: =INTERCEPT($AC$3:$AC$1136,$AD$3:$AD$1136)+SLOPE($AC$3:$AC$1136,$AD$3:$AD$1136)*AD42 -> 81.55609 | AF42: =AE42+$AJ$5*$AJ$4 -> 84.207749 | AG42: =AE42-$AJ$5*$AJ$4 -> 78.90443 | AH42: =AC42-AE42 -> 15.78391 | AL42: Observação 2: | AO42: O desvio MÉDIO ANUAL (4.80) captura melhor a volatilidade típica sem viés de tendência | BB42: 🔹 DESVIO DIÁRIO (%): | BC42: Ideal para análise de volatilidade e risco de curto prazo
A43: =DATEVALUE(Sheet1!A42) -> 44622 | B43: =VALUE(Sheet1!B42) -> 97.2 | C43: =(B43-B42)/B42 -> -0.0014382577 | D43: =MAX(D42,B43) -> 98.33 | E43: =(B43-D43)/D43 -> -0.011491915 | G43: 2022-S40 | H43: =B197 -> 83.5 | I43: =(H43-H42)/H42 -> -0.0076063703 | J43: =MAX(J42,H43) -> 103.9 | K43: =(H43-J43)/J43 -> -0.19634264 | M43: mai/2025 | N43: =B853 -> 68.95 | O43: =(N43-N42)/N42 -> -0.13952327 | P43: =MAX(P42,N43) -> 97.4 | Q43: =(N43-P43)/P43 -> -0.29209446 | AB43: =A43 -> 44622 | AC43: =B43 -> 97.2 | AD43: =41 -> 41 | AE43: =INTERCEPT($AC$3:$AC$1136,$AD$3:$AD$1136)+SLOPE($AC$3:$AC$1136,$AD$3:$AD$1136)*AD43 -> 81.537378 | AF43: =AE43+$AJ$5*$AJ$4 -> 84.189037 | AG43: =AE43-$AJ$5*$AJ$4 -> 78.885718 | AH43: =AC43-AE43 -> 15.662622 | AL43: Observação 3: | AO43: A cobertura real está consistentemente ABAIXO do teórico, indicando caudas mais pesadas (não-normalidade) | BB43: → Use: | BC43: ±1.26% (2σ) para identificar dias com movimentos anormais
A44: =DATEVALUE(Sheet1!A43) -> 44623 | B44: =VALUE(Sheet1!B43) -> 97.72 | C44: =(B44-B43)/B43 -> 0.0053497942 | D44: =MAX(D43,B44) -> 98.33 | E44: =(B44-D44)/D44 -> -0.0062036001 | G44: 2022-S41 | H44: =B201 -> 84.86 | I44: =(H44-H43)/H43 -> 0.016287425 | J44: =MAX(J43,H44) -> 103.9 | K44: =(H44-J44)/J44 -> -0.18325313 | M44: jun/2025 | N44: =B874 -> 65.68 | O44: =(N44-N43)/N43 -> -0.047425671 | P44: =MAX(P43,N44) -> 97.4 | Q44: =(N44-P44)/P44 -> -0.32566735 | AB44: =A44 -> 44623 | AC44: =B44 -> 97.72 | AD44: =42 -> 42 | AE44: =INTERCEPT($AC$3:$AC$1136,$AD$3:$AD$1136)+SLOPE($AC$3:$AC$1136,$AD$3:$AD$1136)*AD44 -> 81.518666 | AF44: =AE44+$AJ$5*$AJ$4 -> 84.170325 | AG44: =AE44-$AJ$5*$AJ$4 -> 78.867006 | AH44: =AC44-AE44 -> 16.201334 | BB44: 🔹 DESVIO REGRESSÃO (R$): | BC44: Ideal para análise de canal de preço e tendência
A45: =DATEVALUE(Sheet1!A44) -> 44624 | B45: =VALUE(Sheet1!B44) -> 98.15 | C45: =(B45-B44)/B44 -> 0.0044003275 | D45: =MAX(D44,B45) -> 98.33 | E45: =(B45-D45)/D45 -> -0.0018305705 | G45: 2022-S42 | H45: =B206 -> 85.08 | I45: =(H45-H44)/H44 -> 0.0025925053 | J45: =MAX(J44,H45) -> 103.9 | K45: =(H45-J45)/J45 -> -0.18113571 | M45: jul/2025 | N45: =B897 -> 63.71 | O45: =(N45-N44)/N44 -> -0.02999391 | P45: =MAX(P44,N45) -> 97.4 | Q45: =(N45-P45)/P45 -> -0.34589322 | AB45: =A45 -> 44624 | AC45: =B45 -> 98.15 | AD45: =43 -> 43 | AE45: =INTERCEPT($AC$3:$AC$1136,$AD$3:$AD$1136)+SLOPE($AC$3:$AC$1136,$AD$3:$AD$1136)*AD45 -> 81.499954 | AF45: =AE45+$AJ$5*$AJ$4 -> 84.151614 | AG45: =AE45-$AJ$5*$AJ$4 -> 78.848294 | AH45: =AC45-AE45 -> 16.650046 | AL45: ⭐ DESVIO RECOMENDADO: | AN45: =$AN$21 -> 4.8011232 | AO45: σ = 4.80 (média anual) com multiplicador 2.0x | BB45: → Use: | BC45: ±R$ 9.60 (2σ médio anual) para identificar preços em extremos
A46: =DATEVALUE(Sheet1!A45) -> 44627 | B46: =VALUE(Sheet1!B45) -> 100.19 | C46: =(B46-B45)/B45 -> 0.020784513 | D46: =MAX(D45,B46) -> 100.19 | E46: =(B46-D46)/D46 -> 0 | G46: 2022-S43 | H46: =B211 -> 85.35 | I46: =(H46-H45)/H45 -> 0.0031734838 | J46: =MAX(J45,H46) -> 103.9 | K46: =(H46-J46)/J46 -> -0.17853705 | M46: ago/2025 | N46: =B918 -> 64.34 | O46: =(N46-N45)/N45 -> 0.0098885575 | P46: =MAX(P45,N46) -> 97.4 | Q46: =(N46-P46)/P46 -> -0.33942505 | AB46: =A46 -> 44627 | AC46: =B46 -> 100.19 | AD46: =44 -> 44 | AE46: =INTERCEPT($AC$3:$AC$1136,$AD$3:$AD$1136)+SLOPE($AC$3:$AC$1136,$AD$3:$AD$1136)*AD46 -> 81.481242 | AF46: =AE46+$AJ$5*$AJ$4 -> 84.132902 | AG46: =AE46-$AJ$5*$AJ$4 -> 78.829582 | AH46: =AC46-AE46 -> 18.708758 | AL46: Largura da Banda: | AN46: =$AN$21*2 -> 9.6022464 | AO46: ±R$ 9.60 em torno da linha de regressão | BB46: 🔹 COMBINAÇÃO: | BC46: Use ambos em conjunto para análise completa
A47: =DATEVALUE(Sheet1!A46) -> 44628 | B47: =VALUE(Sheet1!B46) -> 101.36 | C47: =(B47-B46)/B46 -> 0.011677812 | D47: =MAX(D46,B47) -> 101.36 | E47: =(B47-D47)/D47 -> 0 | G47: 2022-S44 | H47: =B215 -> 85.19 | I47: =(H47-H46)/H46 -> -0.0018746339 | J47: =MAX(J46,H47) -> 103.9 | K47: =(H47-J47)/J47 -> -0.180077 | M47: set/2025 | N47: =B940 -> 64.31 | O47: =(N47-N46)/N46 -> -0.00046627293 | P47: =MAX(P46,N47) -> 97.4 | Q47: =(N47-P47)/P47 -> -0.33973306 | AB47: =A47 -> 44628 | AC47: =B47 -> 101.36 | AD47: =45 -> 45 | AE47: =INTERCEPT($AC$3:$AC$1136,$AD$3:$AD$1136)+SLOPE($AC$3:$AC$1136,$AD$3:$AD$1136)*AD47 -> 81.46253 | AF47: =AE47+$AJ$5*$AJ$4 -> 84.11419 | AG47: =AE47-$AJ$5*$AJ$4 -> 78.81087 | AH47: =AC47-AE47 -> 19.89747 | AL47: Cobertura Esperada: | AN47: =AT36 -> 0.6746047 | AO47: ~67% de cobertura real (vs 95% teórico normal)
A48: =DATEVALUE(Sheet1!A47) -> 44629 | B48: =VALUE(Sheet1!B47) -> 101.25 | C48: =(B48-B47)/B47 -> -0.0010852407 | D48: =MAX(D47,B48) -> 101.36 | E48: =(B48-D48)/D48 -> -0.0010852407 | G48: 2022-S45 | H48: =B220 -> 84 | I48: =(H48-H47)/H47 -> -0.013968776 | J48: =MAX(J47,H48) -> 103.9 | K48: =(H48-J48)/J48 -> -0.19153032 | M48: out/2025 | N48: =B962 -> 66.15 | O48: =(N48-N47)/N47 -> 0.028611413 | P48: =MAX(P47,N48) -> 97.4 | Q48: =(N48-P48)/P48 -> -0.32084189 | AB48: =A48 -> 44629 | AC48: =B48 -> 101.25 | AD48: =46 -> 46 | AE48: =INTERCEPT($AC$3:$AC$1136,$AD$3:$AD$1136)+SLOPE($AC$3:$AC$1136,$AD$3:$AD$1136)*AD48 -> 81.443818 | AF48: =AE48+$AJ$5*$AJ$4 -> 84.095478 | AG48: =AE48-$AJ$5*$AJ$4 -> 78.792158 | AH48: =AC48-AE48 -> 19.806182 | AL48: Motivo: | AO48: Usa a média dos desvios anuais, mais representativa que o desvio total inflado pela tendência
A49: =DATEVALUE(Sheet1!A48) -> 44630 | B49: =VALUE(Sheet1!B48) -> 101.42 | C49: =(B49-B48)/B48 -> 0.0016790123 | D49: =MAX(D48,B49) -> 101.42 | E49: =(B49-D49)/D49 -> 0 | G49: 2022-S46 | H49: =B224 -> 85.08 | I49: =(H49-H48)/H48 -> 0.012857143 | J49: =MAX(J48,H49) -> 103.9 | K49: =(H49-J49)/J49 -> -0.18113571 | M49: nov/2025 | N49: =B982 -> 69.04 | O49: =(N49-N48)/N48 -> 0.043688587 | P49: =MAX(P48,N49) -> 97.4 | Q49: =(N49-P49)/P49 -> -0.29117043 | AB49: =A49 -> 44630 | AC49: =B49 -> 101.42 | AD49: =47 -> 47 | AE49: =INTERCEPT($AC$3:$AC$1136,$AD$3:$AD$1136)+SLOPE($AC$3:$AC$1136,$AD$3:$AD$1136)*AD49 -> 81.425106 | AF49: =AE49+$AJ$5*$AJ$4 -> 84.076766 | AG49: =AE49-$AJ$5*$AJ$4 -> 78.773446 | AH49: =AC49-AE49 -> 19.994894
A50: =DATEVALUE(Sheet1!A49) -> 44631 | B50: =VALUE(Sheet1!B49) -> 103.57 | C50: =(B50-B49)/B49 -> 0.021198975 | D50: =MAX(D49,B50) -> 103.57 | E50: =(B50-D50)/D50 -> 0 | G50: 2022-S47 | H50: =B229 -> 85.96 | I50: =(H50-H49)/H49 -> 0.010343206 | J50: =MAX(J49,H50) -> 103.9 | K50: =(H50-J50)/J50 -> -0.17266603 | M50: dez/2025 | N50: =B1001 -> 69.5 | O50: =(N50-N49)/N49 -> 0.0066628042 | P50: =MAX(P49,N50) -> 97.4 | Q50: =(N50-P50)/P50 -> -0.28644764 | AB50: =A50 -> 44631 | AC50: =B50 -> 103.57 | AD50: =48 -> 48 | AE50: =INTERCEPT($AC$3:$AC$1136,$AD$3:$AD$1136)+SLOPE($AC$3:$AC$1136,$AD$3:$AD$1136)*AD50 -> 81.406394 | AF50: =AE50+$AJ$5*$AJ$4 -> 84.058054 | AG50: =AE50-$AJ$5*$AJ$4 -> 78.754734 | AH50: =AC50-AE50 -> 22.163606
A51: =DATEVALUE(Sheet1!A50) -> 44634 | B51: =VALUE(Sheet1!B50) -> 103.9 | C51: =(B51-B50)/B50 -> 0.0031862508 | D51: =MAX(D50,B51) -> 103.9 | E51: =(B51-D51)/D51 -> 0 | G51: 2022-S48 | H51: =B234 -> 85.54 | I51: =(H51-H50)/H50 -> -0.0048859935 | J51: =MAX(J50,H51) -> 103.9 | K51: =(H51-J51)/J51 -> -0.17670837 | M51: jan/2026 | N51: =B1022 -> 66.1 | O51: =(N51-N50)/N50 -> -0.048920863 | P51: =MAX(P50,N51) -> 97.4 | Q51: =(N51-P51)/P51 -> -0.32135524 | AB51: =A51 -> 44634 | AC51: =B51 -> 103.9 | AD51: =49 -> 49 | AE51: =INTERCEPT($AC$3:$AC$1136,$AD$3:$AD$1136)+SLOPE($AC$3:$AC$1136,$AD$3:$AD$1136)*AD51 -> 81.387682 | AF51: =AE51+$AJ$5*$AJ$4 -> 84.039342 | AG51: =AE51-$AJ$5*$AJ$4 -> 78.736023 | AH51: =AC51-AE51 -> 22.512318
A52: =DATEVALUE(Sheet1!A51) -> 44635 | B52: =VALUE(Sheet1!B51) -> 103.87 | C52: =(B52-B51)/B51 -> -0.00028873917 | D52: =MAX(D51,B52) -> 103.9 | E52: =(B52-D52)/D52 -> -0.00028873917 | G52: 2022-S49 | H52: =B239 -> 86.15 | I52: =(H52-H51)/H51 -> 0.0071311667 | J52: =MAX(J51,H52) -> 103.9 | K52: =(H52-J52)/J52 -> -0.17083734 | M52: fev/2026 | N52: =B1040 -> 69.53 | O52: =(N52-N51)/N51 -> 0.051891074 | P52: =MAX(P51,N52) -> 97.4 | Q52: =(N52-P52)/P52 -> -0.28613963 | AB52: =A52 -> 44635 | AC52: =B52 -> 103.87 | AD52: =50 -> 50 | AE52: =INTERCEPT($AC$3:$AC$1136,$AD$3:$AD$1136)+SLOPE($AC$3:$AC$1136,$AD$3:$AD$1136)*AD52 -> 81.36897 | AF52: =AE52+$AJ$5*$AJ$4 -> 84.02063 | AG52: =AE52-$AJ$5*$AJ$4 -> 78.717311 | AH52: =AC52-AE52 -> 22.50103
A53: =DATEVALUE(Sheet1!A52) -> 44636 | B53: =VALUE(Sheet1!B52) -> 103.74 | C53: =(B53-B52)/B52 -> -0.0012515645 | D53: =MAX(D52,B53) -> 103.9 | E53: =(B53-D53)/D53 -> -0.0015399423 | G53: 2022-S50 | H53: =B244 -> 86.05 | I53: =(H53-H52)/H52 -> -0.0011607661 | J53: =MAX(J52,H53) -> 103.9 | K53: =(H53-J53)/J53 -> -0.17179981 | M53: mar/2026 | N53: =B1063 -> 70.32 | O53: =(N53-N52)/N52 -> 0.011362002 | P53: =MAX(P52,N53) -> 97.4 | Q53: =(N53-P53)/P53 -> -0.27802875 | AB53: =A53 -> 44636 | AC53: =B53 -> 103.74 | AD53: =51 -> 51 | AE53: =INTERCEPT($AC$3:$AC$1136,$AD$3:$AD$1136)+SLOPE($AC$3:$AC$1136,$AD$3:$AD$1136)*AD53 -> 81.350258 | AF53: =AE53+$AJ$5*$AJ$4 -> 84.001918 | AG53: =AE53-$AJ$5*$AJ$4 -> 78.698599 | AH53: =AC53-AE53 -> 22.389742
A54: =DATEVALUE(Sheet1!A53) -> 44637 | B54: =VALUE(Sheet1!B53) -> 103.57 | C54: =(B54-B53)/B53 -> -0.0016387122 | D54: =MAX(D53,B54) -> 103.9 | E54: =(B54-D54)/D54 -> -0.0031761309 | G54: 2022-S51 | H54: =B249 -> 85.79 | I54: =(H54-H53)/H53 -> -0.0030214991 | J54: =MAX(J53,H54) -> 103.9 | K54: =(H54-J54)/J54 -> -0.17430221 | M54: abr/2026 | N54: =B1082 -> 66.91 | O54: =(N54-N53)/N53 -> -0.048492605 | P54: =MAX(P53,N54) -> 97.4 | Q54: =(N54-P54)/P54 -> -0.31303901 | AB54: =A54 -> 44637 | AC54: =B54 -> 103.57 | AD54: =52 -> 52 | AE54: =INTERCEPT($AC$3:$AC$1136,$AD$3:$AD$1136)+SLOPE($AC$3:$AC$1136,$AD$3:$AD$1136)*AD54 -> 81.331546 | AF54: =AE54+$AJ$5*$AJ$4 -> 83.983206 | AG54: =AE54-$AJ$5*$AJ$4 -> 78.679887 | AH54: =AC54-AE54 -> 22.238454
A55: =DATEVALUE(Sheet1!A54) -> 44638 | B55: =VALUE(Sheet1!B54) -> 102.59 | C55: =(B55-B54)/B54 -> -0.0094621995 | D55: =MAX(D54,B55) -> 103.9 | E55: =(B55-D55)/D55 -> -0.012608277 | G55: 2022-S52 | H55: =B253 -> 86.09 | I55: =(H55-H54)/H54 -> 0.0034969111 | J55: =MAX(J54,H55) -> 103.9 | K55: =(H55-J55)/J55 -> -0.17141482 | M55: mai/2026 | N55: =B1103 -> 64.76 | O55: =(N55-N54)/N54 -> -0.032132716 | P55: =MAX(P54,N55) -> 97.4 | Q55: =(N55-P55)/P55 -> -0.33511294 | AB55: =A55 -> 44638 | AC55: =B55 -> 102.59 | AD55: =53 -> 53 | AE55: =INTERCEPT($AC$3:$AC$1136,$AD$3:$AD$1136)+SLOPE($AC$3:$AC$1136,$AD$3:$AD$1136)*AD55 -> 81.312834 | AF55: =AE55+$AJ$5*$AJ$4 -> 83.964494 | AG55: =AE55-$AJ$5*$AJ$4 -> 78.661175 | AH55: =AC55-AE55 -> 21.277166
A56: =DATEVALUE(Sheet1!A55) -> 44641 | B56: =VALUE(Sheet1!B55) -> 102.63 | C56: =(B56-B55)/B55 -> 0.00038990155 | D56: =MAX(D55,B56) -> 103.9 | E56: =(B56-D56)/D56 -> -0.012223292 | G56: 2023-S01 | H56: =B258 -> 87.27 | I56: =(H56-H55)/H55 -> 0.013706586 | J56: =MAX(J55,H56) -> 103.9 | K56: =(H56-J56)/J56 -> -0.16005775 | M56: jun/2026 | N56: =B1124 -> 64.02 | O56: =(N56-N55)/N55 -> -0.011426807 | P56: =MAX(P55,N56) -> 97.4 | Q56: =(N56-P56)/P56 -> -0.34271047 | AB56: =A56 -> 44641 | AC56: =B56 -> 102.63 | AD56: =54 -> 54 | AE56: =INTERCEPT($AC$3:$AC$1136,$AD$3:$AD$1136)+SLOPE($AC$3:$AC$1136,$AD$3:$AD$1136)*AD56 -> 81.294122 | AF56: =AE56+$AJ$5*$AJ$4 -> 83.945782 | AG56: =AE56-$AJ$5*$AJ$4 -> 78.642463 | AH56: =AC56-AE56 -> 21.335878
A57: =DATEVALUE(Sheet1!A56) -> 44642 | B57: =VALUE(Sheet1!B56) -> 101.29 | C57: =(B57-B56)/B56 -> -0.013056611 | D57: =MAX(D56,B57) -> 103.9 | E57: =(B57-D57)/D57 -> -0.025120308 | G57: 2023-S02 | H57: =B263 -> 86.39 | I57: =(H57-H56)/H56 -> -0.010083648 | J57: =MAX(J56,H57) -> 103.9 | K57: =(H57-J57)/J57 -> -0.16852743 | M57: jul/2026 | N57: =B1136 -> 64.94 | O57: =(N57-N56)/N56 -> 0.014370509 | P57: =MAX(P56,N57) -> 97.4 | Q57: =(N57-P57)/P57 -> -0.33326489 | AB57: =A57 -> 44642 | AC57: =B57 -> 101.29 | AD57: =55 -> 55 | AE57: =INTERCEPT($AC$3:$AC$1136,$AD$3:$AD$1136)+SLOPE($AC$3:$AC$1136,$AD$3:$AD$1136)*AD57 -> 81.27541 | AF57: =AE57+$AJ$5*$AJ$4 -> 83.92707 | AG57: =AE57-$AJ$5*$AJ$4 -> 78.623751 | AH57: =AC57-AE57 -> 20.01459
A58: =DATEVALUE(Sheet1!A57) -> 44643 | B58: =VALUE(Sheet1!B57) -> 99.93 | C58: =(B58-B57)/B57 -> -0.013426794 | D58: =MAX(D57,B58) -> 103.9 | E58: =(B58-D58)/D58 -> -0.038209817 | G58: 2023-S03 | H58: =B268 -> 85.43 | I58: =(H58-H57)/H57 -> -0.011112397 | J58: =MAX(J57,H58) -> 103.9 | K58: =(H58-J58)/J58 -> -0.17776708 | AB58: =A58 -> 44643 | AC58: =B58 -> 99.93 | AD58: =56 -> 56 | AE58: =INTERCEPT($AC$3:$AC$1136,$AD$3:$AD$1136)+SLOPE($AC$3:$AC$1136,$AD$3:$AD$1136)*AD58 -> 81.256698 | AF58: =AE58+$AJ$5*$AJ$4 -> 83.908358 | AG58: =AE58-$AJ$5*$AJ$4 -> 78.605039 | AH58: =AC58-AE58 -> 18.673302
A59: =DATEVALUE(Sheet1!A58) -> 44644 | B59: =VALUE(Sheet1!B58) -> 99.2 | C59: =(B59-B58)/B58 -> -0.0073051136 | D59: =MAX(D58,B59) -> 103.9 | E59: =(B59-D59)/D59 -> -0.045235804 | G59: 2023-S04 | H59: =B273 -> 84.95 | I59: =(H59-H58)/H58 -> -0.0056186351 | J59: =MAX(J58,H59) -> 103.9 | K59: =(H59-J59)/J59 -> -0.18238691 | AB59: =A59 -> 44644 | AC59: =B59 -> 99.2 | AD59: =57 -> 57 | AE59: =INTERCEPT($AC$3:$AC$1136,$AD$3:$AD$1136)+SLOPE($AC$3:$AC$1136,$AD$3:$AD$1136)*AD59 -> 81.237986 | AF59: =AE59+$AJ$5*$AJ$4 -> 83.889646 | AG59: =AE59-$AJ$5*$AJ$4 -> 78.586327 | AH59: =AC59-AE59 -> 17.962014
A60: =DATEVALUE(Sheet1!A59) -> 44645 | B60: =VALUE(Sheet1!B59) -> 96.98 | C60: =(B60-B59)/B59 -> -0.022379032 | D60: =MAX(D59,B60) -> 103.9 | E60: =(B60-D60)/D60 -> -0.066602502 | G60: 2023-S05 | H60: =B278 -> 85.12 | I60: =(H60-H59)/H59 -> 0.0020011772 | J60: =MAX(J59,H60) -> 103.9 | K60: =(H60-J60)/J60 -> -0.18075072 | AB60: =A60 -> 44645 | AC60: =B60 -> 96.98 | AD60: =58 -> 58 | AE60: =INTERCEPT($AC$3:$AC$1136,$AD$3:$AD$1136)+SLOPE($AC$3:$AC$1136,$AD$3:$AD$1136)*AD60 -> 81.219274 | AF60: =AE60+$AJ$5*$AJ$4 -> 83.870934 | AG60: =AE60-$AJ$5*$AJ$4 -> 78.567615 | AH60: =AC60-AE60 -> 15.760726
A61: =DATEVALUE(Sheet1!A60) -> 44648 | B61: =VALUE(Sheet1!B60) -> 96.16 | C61: =(B61-B60)/B60 -> -0.0084553516 | D61: =MAX(D60,B61) -> 103.9 | E61: =(B61-D61)/D61 -> -0.074494706 | G61: 2023-S06 | H61: =B283 -> 85.86 | I61: =(H61-H60)/H60 -> 0.008693609 | J61: =MAX(J60,H61) -> 103.9 | K61: =(H61-J61)/J61 -> -0.17362849 | AB61: =A61 -> 44648 | AC61: =B61 -> 96.16 | AD61: =59 -> 59 | AE61: =INTERCEPT($AC$3:$AC$1136,$AD$3:$AD$1136)+SLOPE($AC$3:$AC$1136,$AD$3:$AD$1136)*AD61 -> 81.200562 | AF61: =AE61+$AJ$5*$AJ$4 -> 83.852222 | AG61: =AE61-$AJ$5*$AJ$4 -> 78.548903 | AH61: =AC61-AE61 -> 14.959438
A62: =DATEVALUE(Sheet1!A61) -> 44649 | B62: =VALUE(Sheet1!B61) -> 92.77 | C62: =(B62-B61)/B61 -> -0.035253744 | D62: =MAX(D61,B62) -> 103.9 | E62: =(B62-D62)/D62 -> -0.10712223 | G62: 2023-S07 | H62: =B287 -> 85.73 | I62: =(H62-H61)/H61 -> -0.0015140927 | J62: =MAX(J61,H62) -> 103.9 | K62: =(H62-J62)/J62 -> -0.17487969 | AB62: =A62 -> 44649 | AC62: =B62 -> 92.77 | AD62: =60 -> 60 | AE62: =INTERCEPT($AC$3:$AC$1136,$AD$3:$AD$1136)+SLOPE($AC$3:$AC$1136,$AD$3:$AD$1136)*AD62 -> 81.181851 | AF62: =AE62+$AJ$5*$AJ$4 -> 83.83351 | AG62: =AE62-$AJ$5*$AJ$4 -> 78.530191 | AH62: =AC62-AE62 -> 11.588149
A63: =DATEVALUE(Sheet1!A62) -> 44650 | B63: =VALUE(Sheet1!B62) -> 92.7 | C63: =(B63-B62)/B62 -> -0.00075455427 | D63: =MAX(D62,B63) -> 103.9 | E63: =(B63-D63)/D63 -> -0.10779596 | G63: 2023-S08 | H63: =B291 -> 86.4 | I63: =(H63-H62)/H62 -> 0.0078152339 | J63: =MAX(J62,H63) -> 103.9 | K63: =(H63-J63)/J63 -> -0.16843118 | AB63: =A63 -> 44650 | AC63: =B63 -> 92.7 | AD63: =61 -> 61 | AE63: =INTERCEPT($AC$3:$AC$1136,$AD$3:$AD$1136)+SLOPE($AC$3:$AC$1136,$AD$3:$AD$1136)*AD63 -> 81.163139 | AF63: =AE63+$AJ$5*$AJ$4 -> 83.814798 | AG63: =AE63-$AJ$5*$AJ$4 -> 78.511479 | AH63: =AC63-AE63 -> 11.536861
A64: =DATEVALUE(Sheet1!A63) -> 44651 | B64: =VALUE(Sheet1!B63) -> 93.09 | C64: =(B64-B63)/B63 -> 0.0042071197 | D64: =MAX(D63,B64) -> 103.9 | E64: =(B64-D64)/D64 -> -0.10404235 | G64: 2023-S09 | H64: =B296 -> 86.15 | I64: =(H64-H63)/H63 -> -0.0028935185 | J64: =MAX(J63,H64) -> 103.9 | K64: =(H64-J64)/J64 -> -0.17083734 | AB64: =A64 -> 44651 | AC64: =B64 -> 93.09 | AD64: =62 -> 62 | AE64: =INTERCEPT($AC$3:$AC$1136,$AD$3:$AD$1136)+SLOPE($AC$3:$AC$1136,$AD$3:$AD$1136)*AD64 -> 81.144427 | AF64: =AE64+$AJ$5*$AJ$4 -> 83.796086 | AG64: =AE64-$AJ$5*$AJ$4 -> 78.492767 | AH64: =AC64-AE64 -> 11.945573
A65: =DATEVALUE(Sheet1!A64) -> 44652 | B65: =VALUE(Sheet1!B64) -> 92.04 | C65: =(B65-B64)/B64 -> -0.011279407 | D65: =MAX(D64,B65) -> 103.9 | E65: =(B65-D65)/D65 -> -0.11414822 | G65: 2023-S10 | H65: =B301 -> 85.61 | I65: =(H65-H64)/H64 -> -0.006268137 | J65: =MAX(J64,H65) -> 103.9 | K65: =(H65-J65)/J65 -> -0.17603465 | AB65: =A65 -> 44652 | AC65: =B65 -> 92.04 | AD65: =63 -> 63 | AE65: =INTERCEPT($AC$3:$AC$1136,$AD$3:$AD$1136)+SLOPE($AC$3:$AC$1136,$AD$3:$AD$1136)*AD65 -> 81.125715 | AF65: =AE65+$AJ$5*$AJ$4 -> 83.777374 | AG65: =AE65-$AJ$5*$AJ$4 -> 78.474055 | AH65: =AC65-AE65 -> 10.914285
A66: =DATEVALUE(Sheet1!A65) -> 44655 | B66: =VALUE(Sheet1!B65) -> 91.55 | C66: =(B66-B65)/B65 -> -0.0053237723 | D66: =MAX(D65,B66) -> 103.9 | E66: =(B66-D66)/D66 -> -0.11886429 | G66: 2023-S11 | H66: =B306 -> 84.66 | I66: =(H66-H65)/H65 -> -0.011096834 | J66: =MAX(J65,H66) -> 103.9 | K66: =(H66-J66)/J66 -> -0.18517806 | AB66: =A66 -> 44655 | AC66: =B66 -> 91.55 | AD66: =64 -> 64 | AE66: =INTERCEPT($AC$3:$AC$1136,$AD$3:$AD$1136)+SLOPE($AC$3:$AC$1136,$AD$3:$AD$1136)*AD66 -> 81.107003 | AF66: =AE66+$AJ$5*$AJ$4 -> 83.758662 | AG66: =AE66-$AJ$5*$AJ$4 -> 78.455343 | AH66: =AC66-AE66 -> 10.442997
A67: =DATEVALUE(Sheet1!A66) -> 44656 | B67: =VALUE(Sheet1!B66) -> 90.19 | C67: =(B67-B66)/B66 -> -0.01485527 | D67: =MAX(D66,B67) -> 103.9 | E67: =(B67-D67)/D67 -> -0.1319538 | G67: 2023-S12 | H67: =B311 -> 84 | I67: =(H67-H66)/H66 -> -0.0077958894 | J67: =MAX(J66,H67) -> 103.9 | K67: =(H67-J67)/J67 -> -0.19153032 | AB67: =A67 -> 44656 | AC67: =B67 -> 90.19 | AD67: =65 -> 65 | AE67: =INTERCEPT($AC$3:$AC$1136,$AD$3:$AD$1136)+SLOPE($AC$3:$AC$1136,$AD$3:$AD$1136)*AD67 -> 81.088291 | AF67: =AE67+$AJ$5*$AJ$4 -> 83.73995 | AG67: =AE67-$AJ$5*$AJ$4 -> 78.436631 | AH67: =AC67-AE67 -> 9.1017093
A68: =DATEVALUE(Sheet1!A67) -> 44657 | B68: =VALUE(Sheet1!B67) -> 89.46 | C68: =(B68-B67)/B67 -> -0.0080940237 | D68: =MAX(D67,B68) -> 103.9 | E68: =(B68-D68)/D68 -> -0.13897979 | G68: 2023-S13 | H68: =B316 -> 82.4 | I68: =(H68-H67)/H67 -> -0.019047619 | J68: =MAX(J67,H68) -> 103.9 | K68: =(H68-J68)/J68 -> -0.20692974 | AB68: =A68 -> 44657 | AC68: =B68 -> 89.46 | AD68: =66 -> 66 | AE68: =INTERCEPT($AC$3:$AC$1136,$AD$3:$AD$1136)+SLOPE($AC$3:$AC$1136,$AD$3:$AD$1136)*AD68 -> 81.069579 | AF68: =AE68+$AJ$5*$AJ$4 -> 83.721238 | AG68: =AE68-$AJ$5*$AJ$4 -> 78.417919 | AH68: =AC68-AE68 -> 8.3904212
A69: =DATEVALUE(Sheet1!A68) -> 44658 | B69: =VALUE(Sheet1!B68) -> 89.06 | C69: =(B69-B68)/B68 -> -0.0044712721 | D69: =MAX(D68,B69) -> 103.9 | E69: =(B69-D69)/D69 -> -0.14282964 | G69: 2023-S14 | H69: =B320 -> 79.39 | I69: =(H69-H68)/H68 -> -0.036529126 | J69: =MAX(J68,H69) -> 103.9 | K69: =(H69-J69)/J69 -> -0.2358999 | AB69: =A69 -> 44658 | AC69: =B69 -> 89.06 | AD69: =67 -> 67 | AE69: =INTERCEPT($AC$3:$AC$1136,$AD$3:$AD$1136)+SLOPE($AC$3:$AC$1136,$AD$3:$AD$1136)*AD69 -> 81.050867 | AF69: =AE69+$AJ$5*$AJ$4 -> 83.702526 | AG69: =AE69-$AJ$5*$AJ$4 -> 78.399207 | AH69: =AC69-AE69 -> 8.0091332
A70: =DATEVALUE(Sheet1!A69) -> 44659 | B70: =VALUE(Sheet1!B69) -> 89.02 | C70: =(B70-B69)/B69 -> -0.00044913541 | D70: =MAX(D69,B70) -> 103.9 | E70: =(B70-D70)/D70 -> -0.14321463 | G70: 2023-S15 | H70: =B325 -> 75.29 | I70: =(H70-H69)/H69 -> -0.051643784 | J70: =MAX(J69,H70) -> 103.9 | K70: =(H70-J70)/J70 -> -0.27536092 | AB70: =A70 -> 44659 | AC70: =B70 -> 89.02 | AD70: =68 -> 68 | AE70: =INTERCEPT($AC$3:$AC$1136,$AD$3:$AD$1136)+SLOPE($AC$3:$AC$1136,$AD$3:$AD$1136)*AD70 -> 81.032155 | AF70: =AE70+$AJ$5*$AJ$4 -> 83.683814 | AG70: =AE70-$AJ$5*$AJ$4 -> 78.380495 | AH70: =AC70-AE70 -> 7.9878452
A71: =DATEVALUE(Sheet1!A70) -> 44662 | B71: =VALUE(Sheet1!B70) -> 88.9 | C71: =(B71-B70)/B70 -> -0.0013480117 | D71: =MAX(D70,B71) -> 103.9 | E71: =(B71-D71)/D71 -> -0.14436959 | G71: 2023-S16 | H71: =B329 -> 70.11 | I71: =(H71-H70)/H70 -> -0.068800638 | J71: =MAX(J70,H71) -> 103.9 | K71: =(H71-J71)/J71 -> -0.32521655 | AB71: =A71 -> 44662 | AC71: =B71 -> 88.9 | AD71: =69 -> 69 | AE71: =INTERCEPT($AC$3:$AC$1136,$AD$3:$AD$1136)+SLOPE($AC$3:$AC$1136,$AD$3:$AD$1136)*AD71 -> 81.013443 | AF71: =AE71+$AJ$5*$AJ$4 -> 83.665102 | AG71: =AE71-$AJ$5*$AJ$4 -> 78.361783 | AH71: =AC71-AE71 -> 7.8865571
A72: =DATEVALUE(Sheet1!A71) -> 44663 | B72: =VALUE(Sheet1!B71) -> 88.17 | C72: =(B72-B71)/B71 -> -0.0082114736 | D72: =MAX(D71,B72) -> 103.9 | E72: =(B72-D72)/D72 -> -0.15139557 | G72: 2023-S17 | H72: =B333 -> 65.61 | I72: =(H72-H71)/H71 -> -0.064184852 | J72: =MAX(J71,H72) -> 103.9 | K72: =(H72-J72)/J72 -> -0.36852743 | AB72: =A72 -> 44663 | AC72: =B72 -> 88.17 | AD72: =70 -> 70 | AE72: =INTERCEPT($AC$3:$AC$1136,$AD$3:$AD$1136)+SLOPE($AC$3:$AC$1136,$AD$3:$AD$1136)*AD72 -> 80.994731 | AF72: =AE72+$AJ$5*$AJ$4 -> 83.64639 | AG72: =AE72-$AJ$5*$AJ$4 -> 78.343071 | AH72: =AC72-AE72 -> 7.1752691
A73: =DATEVALUE(Sheet1!A72) -> 44664 | B73: =VALUE(Sheet1!B72) -> 87.56 | C73: =(B73-B72)/B72 -> -0.006918453 | D73: =MAX(D72,B73) -> 103.9 | E73: =(B73-D73)/D73 -> -0.1572666 | G73: 2023-S18 | H73: =B338 -> 61.75 | I73: =(H73-H72)/H72 -> -0.058832495 | J73: =MAX(J72,H73) -> 103.9 | K73: =(H73-J73)/J73 -> -0.40567854 | AB73: =A73 -> 44664 | AC73: =B73 -> 87.56 | AD73: =71 -> 71 | AE73: =INTERCEPT($AC$3:$AC$1136,$AD$3:$AD$1136)+SLOPE($AC$3:$AC$1136,$AD$3:$AD$1136)*AD73 -> 80.976019 | AF73: =AE73+$AJ$5*$AJ$4 -> 83.627679 | AG73: =AE73-$AJ$5*$AJ$4 -> 78.324359 | AH73: =AC73-AE73 -> 6.5839811
A74: =DATEVALUE(Sheet1!A73) -> 44665 | B74: =VALUE(Sheet1!B73) -> 87.3 | C74: =(B74-B73)/B73 -> -0.0029693924 | D74: =MAX(D73,B74) -> 103.9 | E74: =(B74-D74)/D74 -> -0.15976901 | G74: 2023-S19 | H74: =B343 -> 58.83 | I74: =(H74-H73)/H73 -> -0.047287449 | J74: =MAX(J73,H74) -> 103.9 | K74: =(H74-J74)/J74 -> -0.43378248 | AB74: =A74 -> 44665 | AC74: =B74 -> 87.3 | AD74: =72 -> 72 | AE74: =INTERCEPT($AC$3:$AC$1136,$AD$3:$AD$1136)+SLOPE($AC$3:$AC$1136,$AD$3:$AD$1136)*AD74 -> 80.957307 | AF74: =AE74+$AJ$5*$AJ$4 -> 83.608967 | AG74: =AE74-$AJ$5*$AJ$4 -> 78.305647 | AH74: =AC74-AE74 -> 6.342693
A75: =DATEVALUE(Sheet1!A74) -> 44669 | B75: =VALUE(Sheet1!B74) -> 87.63 | C75: =(B75-B74)/B74 -> 0.0037800687 | D75: =MAX(D74,B75) -> 103.9 | E75: =(B75-D75)/D75 -> -0.15659288 | G75: 2023-S20 | H75: =B348 -> 55.83 | I75: =(H75-H74)/H74 -> -0.050994391 | J75: =MAX(J74,H75) -> 103.9 | K75: =(H75-J75)/J75 -> -0.4626564 | AB75: =A75 -> 44669 | AC75: =B75 -> 87.63 | AD75: =73 -> 73 | AE75: =INTERCEPT($AC$3:$AC$1136,$AD$3:$AD$1136)+SLOPE($AC$3:$AC$1136,$AD$3:$AD$1136)*AD75 -> 80.938595 | AF75: =AE75+$AJ$5*$AJ$4 -> 83.590255 | AG75: =AE75-$AJ$5*$AJ$4 -> 78.286935 | AH75: =AC75-AE75 -> 6.691405
A76: =DATEVALUE(Sheet1!A75) -> 44670 | B76: =VALUE(Sheet1!B75) -> 88.03 | C76: =(B76-B75)/B75 -> 0.0045646468 | D76: =MAX(D75,B76) -> 103.9 | E76: =(B76-D76)/D76 -> -0.15274302 | G76: 2023-S21 | H76: =B353 -> 54.83 | I76: =(H76-H75)/H75 -> -0.017911517 | J76: =MAX(J75,H76) -> 103.9 | K76: =(H76-J76)/J76 -> -0.47228104 | AB76: =A76 -> 44670 | AC76: =B76 -> 88.03 | AD76: =74 -> 74 | AE76: =INTERCEPT($AC$3:$AC$1136,$AD$3:$AD$1136)+SLOPE($AC$3:$AC$1136,$AD$3:$AD$1136)*AD76 -> 80.919883 | AF76: =AE76+$AJ$5*$AJ$4 -> 83.571543 | AG76: =AE76-$AJ$5*$AJ$4 -> 78.268223 | AH76: =AC76-AE76 -> 7.110117
A77: =DATEVALUE(Sheet1!A76) -> 44671 | B77: =VALUE(Sheet1!B76) -> 87.87 | C77: =(B77-B76)/B76 -> -0.0018175622 | D77: =MAX(D76,B77) -> 103.9 | E77: =(B77-D77)/D77 -> -0.15428296 | G77: 2023-S22 | H77: =B358 -> 53.63 | I77: =(H77-H76)/H76 -> -0.021885829 | J77: =MAX(J76,H77) -> 103.9 | K77: =(H77-J77)/J77 -> -0.48383061 | AB77: =A77 -> 44671 | AC77: =B77 -> 87.87 | AD77: =75 -> 75 | AE77: =INTERCEPT($AC$3:$AC$1136,$AD$3:$AD$1136)+SLOPE($AC$3:$AC$1136,$AD$3:$AD$1136)*AD77 -> 80.901171 | AF77: =AE77+$AJ$5*$AJ$4 -> 83.552831 | AG77: =AE77-$AJ$5*$AJ$4 -> 78.249511 | AH77: =AC77-AE77 -> 6.9688289
A78: =DATEVALUE(Sheet1!A77) -> 44673 | B78: =VALUE(Sheet1!B77) -> 87.93 | C78: =(B78-B77)/B77 -> 0.0006828269 | D78: =MAX(D77,B78) -> 103.9 | E78: =(B78-D78)/D78 -> -0.15370549 | G78: 2023-S23 | H78: =B362 -> 53.77 | I78: =(H78-H77)/H77 -> 0.0026104792 | J78: =MAX(J77,H78) -> 103.9 | K78: =(H78-J78)/J78 -> -0.48248316 | AB78: =A78 -> 44673 | AC78: =B78 -> 87.93 | AD78: =76 -> 76 | AE78: =INTERCEPT($AC$3:$AC$1136,$AD$3:$AD$1136)+SLOPE($AC$3:$AC$1136,$AD$3:$AD$1136)*AD78 -> 80.882459 | AF78: =AE78+$AJ$5*$AJ$4 -> 83.534119 | AG78: =AE78-$AJ$5*$AJ$4 -> 78.2308 | AH78: =AC78-AE78 -> 7.0475409
A79: =DATEVALUE(Sheet1!A78) -> 44676 | B79: =VALUE(Sheet1!B78) -> 88.71 | C79: =(B79-B78)/B78 -> 0.0088706926 | D79: =MAX(D78,B79) -> 103.9 | E79: =(B79-D79)/D79 -> -0.14619827 | G79: 2023-S24 | H79: =B367 -> 54.47 | I79: =(H79-H78)/H78 -> 0.013018412 | J79: =MAX(J78,H79) -> 103.9 | K79: =(H79-J79)/J79 -> -0.47574591 | AB79: =A79 -> 44676 | AC79: =B79 -> 88.71 | AD79: =77 -> 77 | AE79: =INTERCEPT($AC$3:$AC$1136,$AD$3:$AD$1136)+SLOPE($AC$3:$AC$1136,$AD$3:$AD$1136)*AD79 -> 80.863747 | AF79: =AE79+$AJ$5*$AJ$4 -> 83.515407 | AG79: =AE79-$AJ$5*$AJ$4 -> 78.212088 | AH79: =AC79-AE79 -> 7.8462528
A80: =DATEVALUE(Sheet1!A79) -> 44677 | B80: =VALUE(Sheet1!B79) -> 88.51 | C80: =(B80-B79)/B79 -> -0.0022545373 | D80: =MAX(D79,B80) -> 103.9 | E80: =(B80-D80)/D80 -> -0.1481232 | G80: 2023-S25 | H80: =B372 -> 57.41 | I80: =(H80-H79)/H79 -> 0.053974665 | J80: =MAX(J79,H80) -> 103.9 | K80: =(H80-J80)/J80 -> -0.44744947 | AB80: =A80 -> 44677 | AC80: =B80 -> 88.51 | AD80: =78 -> 78 | AE80: =INTERCEPT($AC$3:$AC$1136,$AD$3:$AD$1136)+SLOPE($AC$3:$AC$1136,$AD$3:$AD$1136)*AD80 -> 80.845035 | AF80: =AE80+$AJ$5*$AJ$4 -> 83.496695 | AG80: =AE80-$AJ$5*$AJ$4 -> 78.193376 | AH80: =AC80-AE80 -> 7.6649648
A81: =DATEVALUE(Sheet1!A80) -> 44678 | B81: =VALUE(Sheet1!B80) -> 88.21 | C81: =(B81-B80)/B80 -> -0.0033894475 | D81: =MAX(D80,B81) -> 103.9 | E81: =(B81-D81)/D81 -> -0.15101059 | G81: 2023-S26 | H81: =B377 -> 55.53 | I81: =(H81-H80)/H80 -> -0.032746908 | J81: =MAX(J80,H81) -> 103.9 | K81: =(H81-J81)/J81 -> -0.46554379 | AB81: =A81 -> 44678 | AC81: =B81 -> 88.21 | AD81: =79 -> 79 | AE81: =INTERCEPT($AC$3:$AC$1136,$AD$3:$AD$1136)+SLOPE($AC$3:$AC$1136,$AD$3:$AD$1136)*AD81 -> 80.826323 | AF81: =AE81+$AJ$5*$AJ$4 -> 83.477983 | AG81: =AE81-$AJ$5*$AJ$4 -> 78.174664 | AH81: =AC81-AE81 -> 7.3836768
A82: =DATEVALUE(Sheet1!A81) -> 44679 | B82: =VALUE(Sheet1!B81) -> 88.38 | C82: =(B82-B81)/B81 -> 0.0019272191 | D82: =MAX(D81,B82) -> 103.9 | E82: =(B82-D82)/D82 -> -0.1493744 | G82: 2023-S27 | H82: =B382 -> 55.79 | I82: =(H82-H81)/H81 -> 0.0046821538 | J82: =MAX(J81,H82) -> 103.9 | K82: =(H82-J82)/J82 -> -0.46304139 | AB82: =A82 -> 44679 | AC82: =B82 -> 88.38 | AD82: =80 -> 80 | AE82: =INTERCEPT($AC$3:$AC$1136,$AD$3:$AD$1136)+SLOPE($AC$3:$AC$1136,$AD$3:$AD$1136)*AD82 -> 80.807611 | AF82: =AE82+$AJ$5*$AJ$4 -> 83.459271 | AG82: =AE82-$AJ$5*$AJ$4 -> 78.155952 | AH82: =AC82-AE82 -> 7.5723887
A83: =DATEVALUE(Sheet1!A82) -> 44680 | B83: =VALUE(Sheet1!B82) -> 88.25 | C83: =(B83-B82)/B82 -> -0.001470921 | D83: =MAX(D82,B83) -> 103.9 | E83: =(B83-D83)/D83 -> -0.1506256 | G83: 2023-S28 | H83: =B387 -> 54.52 | I83: =(H83-H82)/H82 -> -0.022763936 | J83: =MAX(J82,H83) -> 103.9 | K83: =(H83-J83)/J83 -> -0.47526468 | AB83: =A83 -> 44680 | AC83: =B83 -> 88.25 | AD83: =81 -> 81 | AE83: =INTERCEPT($AC$3:$AC$1136,$AD$3:$AD$1136)+SLOPE($AC$3:$AC$1136,$AD$3:$AD$1136)*AD83 -> 80.788899 | AF83: =AE83+$AJ$5*$AJ$4 -> 83.440559 | AG83: =AE83-$AJ$5*$AJ$4 -> 78.13724 | AH83: =AC83-AE83 -> 7.4611007
A84: =DATEVALUE(Sheet1!A83) -> 44683 | B84: =VALUE(Sheet1!B83) -> 87.87 | C84: =(B84-B83)/B83 -> -0.004305949 | D84: =MAX(D83,B84) -> 103.9 | E84: =(B84-D84)/D84 -> -0.15428296 | G84: 2023-S29 | H84: =B392 -> 55.06 | I84: =(H84-H83)/H83 -> 0.0099046222 | J84: =MAX(J83,H84) -> 103.9 | K84: =(H84-J84)/J84 -> -0.47006737 | AB84: =A84 -> 44683 | AC84: =B84 -> 87.87 | AD84: =82 -> 82 | AE84: =INTERCEPT($AC$3:$AC$1136,$AD$3:$AD$1136)+SLOPE($AC$3:$AC$1136,$AD$3:$AD$1136)*AD84 -> 80.770187 | AF84: =AE84+$AJ$5*$AJ$4 -> 83.421847 | AG84: =AE84-$AJ$5*$AJ$4 -> 78.118528 | AH84: =AC84-AE84 -> 7.0998127
A85: =DATEVALUE(Sheet1!A84) -> 44684 | B85: =VALUE(Sheet1!B84) -> 87.6 | C85: =(B85-B84)/B84 -> -0.0030727211 | D85: =MAX(D84,B85) -> 103.9 | E85: =(B85-D85)/D85 -> -0.15688162 | G85: 2023-S30 | H85: =B397 -> 53.62 | I85: =(H85-H84)/H84 -> -0.026153287 | J85: =MAX(J84,H85) -> 103.9 | K85: =(H85-J85)/J85 -> -0.48392685 | AB85: =A85 -> 44684 | AC85: =B85 -> 87.6 | AD85: =83 -> 83 | AE85: =INTERCEPT($AC$3:$AC$1136,$AD$3:$AD$1136)+SLOPE($AC$3:$AC$1136,$AD$3:$AD$1136)*AD85 -> 80.751475 | AF85: =AE85+$AJ$5*$AJ$4 -> 83.403135 | AG85: =AE85-$AJ$5*$AJ$4 -> 78.099816 | AH85: =AC85-AE85 -> 6.8485246
A86: =DATEVALUE(Sheet1!A85) -> 44685 | B86: =VALUE(Sheet1!B85) -> 87.55 | C86: =(B86-B85)/B85 -> -0.00057077626 | D86: =MAX(D85,B86) -> 103.9 | E86: =(B86-D86)/D86 -> -0.15736285 | G86: 2023-S31 | H86: =B402 -> 53.13 | I86: =(H86-H85)/H85 -> -0.0091383812 | J86: =MAX(J85,H86) -> 103.9 | K86: =(H86-J86)/J86 -> -0.48864293 | AB86: =A86 -> 44685 | AC86: =B86 -> 87.55 | AD86: =84 -> 84 | AE86: =INTERCEPT($AC$3:$AC$1136,$AD$3:$AD$1136)+SLOPE($AC$3:$AC$1136,$AD$3:$AD$1136)*AD86 -> 80.732763 | AF86: =AE86+$AJ$5*$AJ$4 -> 83.384423 | AG86: =AE86-$AJ$5*$AJ$4 -> 78.081104 | AH86: =AC86-AE86 -> 6.8172366
A87: =DATEVALUE(Sheet1!A86) -> 44686 | B87: =VALUE(Sheet1!B86) -> 87.41 | C87: =(B87-B86)/B86 -> -0.0015990862 | D87: =MAX(D86,B87) -> 103.9 | E87: =(B87-D87)/D87 -> -0.1587103 | G87: 2023-S32 | H87: =B407 -> 53.26 | I87: =(H87-H86)/H86 -> 0.0024468285 | J87: =MAX(J86,H87) -> 103.9 | K87: =(H87-J87)/J87 -> -0.48739172 | AB87: =A87 -> 44686 | AC87: =B87 -> 87.41 | AD87: =85 -> 85 | AE87: =INTERCEPT($AC$3:$AC$1136,$AD$3:$AD$1136)+SLOPE($AC$3:$AC$1136,$AD$3:$AD$1136)*AD87 -> 80.714051 | AF87: =AE87+$AJ$5*$AJ$4 -> 83.365711 | AG87: =AE87-$AJ$5*$AJ$4 -> 78.062392 | AH87: =AC87-AE87 -> 6.6959486
A88: =DATEVALUE(Sheet1!A87) -> 44687 | B88: =VALUE(Sheet1!B87) -> 86.63 | C88: =(B88-B87)/B87 -> -0.0089234641 | D88: =MAX(D87,B88) -> 103.9 | E88: =(B88-D88)/D88 -> -0.16621752 | G88: 2023-S33 | H88: =B412 -> 53.65 | I88: =(H88-H87)/H87 -> 0.0073225685 | J88: =MAX(J87,H88) -> 103.9 | K88: =(H88-J88)/J88 -> -0.48363811 | AB88: =A88 -> 44687 | AC88: =B88 -> 86.63 | AD88: =86 -> 86 | AE88: =INTERCEPT($AC$3:$AC$1136,$AD$3:$AD$1136)+SLOPE($AC$3:$AC$1136,$AD$3:$AD$1136)*AD88 -> 80.695339 | AF88: =AE88+$AJ$5*$AJ$4 -> 83.346999 | AG88: =AE88-$AJ$5*$AJ$4 -> 78.04368 | AH88: =AC88-AE88 -> 5.9346605
A89: =DATEVALUE(Sheet1!A88) -> 44690 | B89: =VALUE(Sheet1!B88) -> 86.15 | C89: =(B89-B88)/B88 -> -0.0055408057 | D89: =MAX(D88,B89) -> 103.9 | E89: =(B89-D89)/D89 -> -0.17083734 | G89: 2023-S34 | H89: =B417 -> 53.44 | I89: =(H89-H88)/H88 -> -0.0039142591 | J89: =MAX(J88,H89) -> 103.9 | K89: =(H89-J89)/J89 -> -0.48565929 | AB89: =A89 -> 44690 | AC89: =B89 -> 86.15 | AD89: =87 -> 87 | AE89: =INTERCEPT($AC$3:$AC$1136,$AD$3:$AD$1136)+SLOPE($AC$3:$AC$1136,$AD$3:$AD$1136)*AD89 -> 80.676628 | AF89: =AE89+$AJ$5*$AJ$4 -> 83.328287 | AG89: =AE89-$AJ$5*$AJ$4 -> 78.024968 | AH89: =AC89-AE89 -> 5.4733725
A90: =DATEVALUE(Sheet1!A89) -> 44691 | B90: =VALUE(Sheet1!B89) -> 85.83 | C90: =(B90-B89)/B89 -> -0.0037144515 | D90: =MAX(D89,B90) -> 103.9 | E90: =(B90-D90)/D90 -> -0.17391723 | G90: 2023-S35 | H90: =B422 -> 53.82 | I90: =(H90-H89)/H89 -> 0.0071107784 | J90: =MAX(J89,H90) -> 103.9 | K90: =(H90-J90)/J90 -> -0.48200192 | AB90: =A90 -> 44691 | AC90: =B90 -> 85.83 | AD90: =88 -> 88 | AE90: =INTERCEPT($AC$3:$AC$1136,$AD$3:$AD$1136)+SLOPE($AC$3:$AC$1136,$AD$3:$AD$1136)*AD90 -> 80.657916 | AF90: =AE90+$AJ$5*$AJ$4 -> 83.309575 | AG90: =AE90-$AJ$5*$AJ$4 -> 78.006256 | AH90: =AC90-AE90 -> 5.1720844
A91: =DATEVALUE(Sheet1!A90) -> 44692 | B91: =VALUE(Sheet1!B90) -> 86.08 | C91: =(B91-B90)/B90 -> 0.0029127345 | D91: =MAX(D90,B91) -> 103.9 | E91: =(B91-D91)/D91 -> -0.17151107 | G91: 2023-S36 | H91: =B426 -> 53.82 | I91: =(H91-H90)/H90 -> 0 | J91: =MAX(J90,H91) -> 103.9 | K91: =(H91-J91)/J91 -> -0.48200192 | AB91: =A91 -> 44692 | AC91: =B91 -> 86.08 | AD91: =89 -> 89 | AE91: =INTERCEPT($AC$3:$AC$1136,$AD$3:$AD$1136)+SLOPE($AC$3:$AC$1136,$AD$3:$AD$1136)*AD91 -> 80.639204 | AF91: =AE91+$AJ$5*$AJ$4 -> 83.290863 | AG91: =AE91-$AJ$5*$AJ$4 -> 77.987544 | AH91: =AC91-AE91 -> 5.4407964
A92: =DATEVALUE(Sheet1!A91) -> 44693 | B92: =VALUE(Sheet1!B91) -> 86.4 | C92: =(B92-B91)/B91 -> 0.0037174721 | D92: =MAX(D91,B92) -> 103.9 | E92: =(B92-D92)/D92 -> -0.16843118 | G92: 2023-S37 | H92: =B431 -> 53.82 | I92: =(H92-H91)/H91 -> 0 | J92: =MAX(J91,H92) -> 103.9 | K92: =(H92-J92)/J92 -> -0.48200192 | AB92: =A92 -> 44693 | AC92: =B92 -> 86.4 | AD92: =90 -> 90 | AE92: =INTERCEPT($AC$3:$AC$1136,$AD$3:$AD$1136)+SLOPE($AC$3:$AC$1136,$AD$3:$AD$1136)*AD92 -> 80.620492 | AF92: =AE92+$AJ$5*$AJ$4 -> 83.272151 | AG92: =AE92-$AJ$5*$AJ$4 -> 77.968832 | AH92: =AC92-AE92 -> 5.7795084
A93: =DATEVALUE(Sheet1!A92) -> 44694 | B93: =VALUE(Sheet1!B92) -> 86.54 | C93: =(B93-B92)/B92 -> 0.0016203704 | D93: =MAX(D92,B93) -> 103.9 | E93: =(B93-D93)/D93 -> -0.16708373 | G93: 2023-S38 | H93: =B436 -> 55.73 | I93: =(H93-H92)/H92 -> 0.035488666 | J93: =MAX(J92,H93) -> 103.9 | K93: =(H93-J93)/J93 -> -0.46361886 | AB93: =A93 -> 44694 | AC93: =B93 -> 86.54 | AD93: =91 -> 91 | AE93: =INTERCEPT($AC$3:$AC$1136,$AD$3:$AD$1136)+SLOPE($AC$3:$AC$1136,$AD$3:$AD$1136)*AD93 -> 80.60178 | AF93: =AE93+$AJ$5*$AJ$4 -> 83.253439 | AG93: =AE93-$AJ$5*$AJ$4 -> 77.95012 | AH93: =AC93-AE93 -> 5.9382203
A94: =DATEVALUE(Sheet1!A93) -> 44697 | B94: =VALUE(Sheet1!B93) -> 87.97 | C94: =(B94-B93)/B93 -> 0.016524151 | D94: =MAX(D93,B94) -> 103.9 | E94: =(B94-D94)/D94 -> -0.1533205 | G94: 2023-S39 | H94: =B441 -> 58.08 | I94: =(H94-H93)/H93 -> 0.042167594 | J94: =MAX(J93,H94) -> 103.9 | K94: =(H94-J94)/J94 -> -0.44100096 | AB94: =A94 -> 44697 | AC94: =B94 -> 87.97 | AD94: =92 -> 92 | AE94: =INTERCEPT($AC$3:$AC$1136,$AD$3:$AD$1136)+SLOPE($AC$3:$AC$1136,$AD$3:$AD$1136)*AD94 -> 80.583068 | AF94: =AE94+$AJ$5*$AJ$4 -> 83.234727 | AG94: =AE94-$AJ$5*$AJ$4 -> 77.931408 | AH94: =AC94-AE94 -> 7.3869323
A95: =DATEVALUE(Sheet1!A94) -> 44698 | B95: =VALUE(Sheet1!B94) -> 89.09 | C95: =(B95-B94)/B94 -> 0.012731613 | D95: =MAX(D94,B95) -> 103.9 | E95: =(B95-D95)/D95 -> -0.1425409 | G95: 2023-S40 | H95: =B446 -> 59.96 | I95: =(H95-H94)/H94 -> 0.032369146 | J95: =MAX(J94,H95) -> 103.9 | K95: =(H95-J95)/J95 -> -0.42290664 | AB95: =A95 -> 44698 | AC95: =B95 -> 89.09 | AD95: =93 -> 93 | AE95: =INTERCEPT($AC$3:$AC$1136,$AD$3:$AD$1136)+SLOPE($AC$3:$AC$1136,$AD$3:$AD$1136)*AD95 -> 80.564356 | AF95: =AE95+$AJ$5*$AJ$4 -> 83.216015 | AG95: =AE95-$AJ$5*$AJ$4 -> 77.912696 | AH95: =AC95-AE95 -> 8.5256443
A96: =DATEVALUE(Sheet1!A95) -> 44699 | B96: =VALUE(Sheet1!B95) -> 89.28 | C96: =(B96-B95)/B95 -> 0.0021326748 | D96: =MAX(D95,B96) -> 103.9 | E96: =(B96-D96)/D96 -> -0.14071222 | G96: 2023-S41 | H96: =B450 -> 59.42 | I96: =(H96-H95)/H95 -> -0.009006004 | J96: =MAX(J95,H96) -> 103.9 | K96: =(H96-J96)/J96 -> -0.42810395 | AB96: =A96 -> 44699 | AC96: =B96 -> 89.28 | AD96: =94 -> 94 | AE96: =INTERCEPT($AC$3:$AC$1136,$AD$3:$AD$1136)+SLOPE($AC$3:$AC$1136,$AD$3:$AD$1136)*AD96 -> 80.545644 | AF96: =AE96+$AJ$5*$AJ$4 -> 83.197303 | AG96: =AE96-$AJ$5*$AJ$4 -> 77.893984 | AH96: =AC96-AE96 -> 8.7343562
A97: =DATEVALUE(Sheet1!A96) -> 44700 | B97: =VALUE(Sheet1!B96) -> 89.23 | C97: =(B97-B96)/B96 -> -0.00056003584 | D97: =MAX(D96,B97) -> 103.9 | E97: =(B97-D97)/D97 -> -0.14119346 | G97: 2023-S42 | H97: =B455 -> 59 | I97: =(H97-H96)/H96 -> -0.0070683272 | J97: =MAX(J96,H97) -> 103.9 | K97: =(H97-J97)/J97 -> -0.43214629 | AB97: =A97 -> 44700 | AC97: =B97 -> 89.23 | AD97: =95 -> 95 | AE97: =INTERCEPT($AC$3:$AC$1136,$AD$3:$AD$1136)+SLOPE($AC$3:$AC$1136,$AD$3:$AD$1136)*AD97 -> 80.526932 | AF97: =AE97+$AJ$5*$AJ$4 -> 83.178591 | AG97: =AE97-$AJ$5*$AJ$4 -> 77.875272 | AH97: =AC97-AE97 -> 8.7030682
A98: =DATEVALUE(Sheet1!A97) -> 44701 | B98: =VALUE(Sheet1!B97) -> 88.48 | C98: =(B98-B97)/B97 -> -0.0084052449 | D98: =MAX(D97,B98) -> 103.9 | E98: =(B98-D98)/D98 -> -0.14841193 | G98: 2023-S43 | H98: =B460 -> 59.25 | I98: =(H98-H97)/H97 -> 0.0042372881 | J98: =MAX(J97,H98) -> 103.9 | K98: =(H98-J98)/J98 -> -0.42974013 | AB98: =A98 -> 44701 | AC98: =B98 -> 88.48 | AD98: =96 -> 96 | AE98: =INTERCEPT($AC$3:$AC$1136,$AD$3:$AD$1136)+SLOPE($AC$3:$AC$1136,$AD$3:$AD$1136)*AD98 -> 80.50822 | AF98: =AE98+$AJ$5*$AJ$4 -> 83.159879 | AG98: =AE98-$AJ$5*$AJ$4 -> 77.85656 | AH98: =AC98-AE98 -> 7.9717802
A99: =DATEVALUE(Sheet1!A98) -> 44704 | B99: =VALUE(Sheet1!B98) -> 88.03 | C99: =(B99-B98)/B98 -> -0.0050858951 | D99: =MAX(D98,B99) -> 103.9 | E99: =(B99-D99)/D99 -> -0.15274302 | G99: 2023-S44 | H99: =B464 -> 60.05 | I99: =(H99-H98)/H98 -> 0.01350211 | J99: =MAX(J98,H99) -> 103.9 | K99: =(H99-J99)/J99 -> -0.42204042 | AB99: =A99 -> 44704 | AC99: =B99 -> 88.03 | AD99: =97 -> 97 | AE99: =INTERCEPT($AC$3:$AC$1136,$AD$3:$AD$1136)+SLOPE($AC$3:$AC$1136,$AD$3:$AD$1136)*AD99 -> 80.489508 | AF99: =AE99+$AJ$5*$AJ$4 -> 83.141167 | AG99: =AE99-$AJ$5*$AJ$4 -> 77.837848 | AH99: =AC99-AE99 -> 7.5404921
A100: =DATEVALUE(Sheet1!A99) -> 44705 | B100: =VALUE(Sheet1!B99) -> 87.43 | C100: =(B100-B99)/B99 -> -0.0068158582 | D100: =MAX(D99,B100) -> 103.9 | E100: =(B100-D100)/D100 -> -0.15851781 | G100: 2023-S45 | H100: =B469 -> 59.67 | I100: =(H100-H99)/H99 -> -0.00632806 | J100: =MAX(J99,H100) -> 103.9 | K100: =(H100-J100)/J100 -> -0.42569779 | AB100: =A100 -> 44705 | AC100: =B100 -> 87.43 | AD100: =98 -> 98 | AE100: =INTERCEPT($AC$3:$AC$1136,$AD$3:$AD$1136)+SLOPE($AC$3:$AC$1136,$AD$3:$AD$1136)*AD100 -> 80.470796 | AF100: =AE100+$AJ$5*$AJ$4 -> 83.122456 | AG100: =AE100-$AJ$5*$AJ$4 -> 77.819136 | AH100: =AC100-AE100 -> 6.9592041
...

Sheet Dashboard_À_Vista
B2: DASHBOARD DE ANÁLISE - À VISTA R$
B3: Análise de Variação e Drawdown | Período: Jan/2022 a Jul/2026
B6: 📊 DIÁRIO | F6: 📈 SEMANAL | J6: 📅 MENSAL
B7: Média Variação | D7: =Análise_À_Vista!T3 -> -0.00028524825 | F7: Média Variação | H7: =Análise_À_Vista!T16 -> -0.0012502725 | J7: Média Variação | L7: =Análise_À_Vista!T29 -> -0.0054346472
B8: Desvio Padrão | D8: =Análise_À_Vista!T4 -> 0.0066642327 | F8: Desvio Padrão | H8: =Análise_À_Vista!T17 -> 0.020828964 | J8: Desvio Padrão | L8: =Análise_À_Vista!T30 -> 0.062699511
B9: Drawdown Máx | D9: =Análise_À_Vista!T11 -> -0.49326275 | F9: Drawdown Máx | H9: =Análise_À_Vista!T24 -> -0.48864293 | J9: Drawdown Máx | L9: =Análise_À_Vista!T37 -> -0.44815195
B10: Drawdown Médio | D10: =Análise_À_Vista!T12 -> -0.31308799 | F10: Drawdown Médio | H10: =Análise_À_Vista!T25 -> -0.31415363 | J10: Drawdown Médio | L10: =Análise_À_Vista!T38 -> -0.27134763
B11: Observações | D11: 1134 | F11: Semanas | H11: 238 | J11: Meses | L11: 55
B13: BANDAS DE DESVIO PADRÃO (σ) | H13: ANÁLISE DE DRAWDOWN
B14: Banda | C14: Diário | D14: Semanal | E14: Mensal | F14: Descrição | H14: Métrica | I14: Diário | J14: Semanal | K14: Mensal | L14: Interpretação
B15: Média - 3σ | C15: =Análise_À_Vista!T9 -> -0.020277946 | D15: =Análise_À_Vista!T22 -> -0.063737163 | E15: =Análise_À_Vista!T35 -> -0.19353318 | F15: Evento raro (0.3%) | H15: Drawdown Máximo | I15: =Análise_À_Vista!T11 -> -0.49326275 | J15: =Análise_À_Vista!T24 -> -0.48864293 | K15: =Análise_À_Vista!T37 -> -0.44815195 | L15: Maior perda acumulada do pico
B16: Média - 2σ | C16: =Análise_À_Vista!T7 -> -0.013613714 | D16: =Análise_À_Vista!T20 -> -0.0429082 | E16: =Análise_À_Vista!T33 -> -0.13083367 | F16: Outlier (5%) | H16: Drawdown Médio | I16: =Análise_À_Vista!T12 -> -0.31308799 | J16: =Análise_À_Vista!T25 -> -0.31415363 | K16: =Análise_À_Vista!T38 -> -0.27134763 | L16: Perda média durante quedas
B17: Média - 1σ | C17: =Análise_À_Vista!T5 -> -0.0069494809 | D17: =Análise_À_Vista!T18 -> -0.022079236 | E17: =Análise_À_Vista!T31 -> -0.068134158 | F17: Abaixo normal (16%)
B18: Média | C18: =Análise_À_Vista!T3 -> -0.00028524825 | D18: =Análise_À_Vista!T16 -> -0.0012502725 | E18: =Análise_À_Vista!T29 -> -0.0054346472 | F18: Centro da distribuição | H18: INDICADORES DE RISCO
B19: Média + 1σ | C19: =Análise_À_Vista!T6 -> 0.0063789844 | D19: =Análise_À_Vista!T19 -> 0.019578691 | E19: =Análise_À_Vista!T32 -> 0.057264864 | F19: Acima normal (16%) | H19: Volatilidade Anualizada | J19: =Análise_À_Vista!T4*SQRT(252) -> 0.10579141 | K19: anual | L19: Risco total no ano
B20: Média + 2σ | C20: =Análise_À_Vista!T8 -> 0.013043217 | D20: =Análise_À_Vista!T21 -> 0.040407655 | E20: =Análise_À_Vista!T34 -> 0.11996437 | F20: Outlier (5%) | H20: Sharpe Ratio (aprox.) | J20: =Análise_À_Vista!T3*SQRT(252)/Análise_À_Vista!T4 -> -0.67947442 | K20: ratio | L20: Retorno/Risco
B21: Média + 3σ | C21: =Análise_À_Vista!T10 -> 0.01970745 | D21: =Análise_À_Vista!T23 -> 0.061236619 | E21: =Análise_À_Vista!T36 -> 0.18266389 | F21: Evento raro (0.3%) | H21: VaR 95% Diário | J21: =Análise_À_Vista!T3-1.645*Análise_À_Vista!T4 -> -0.011247911 | K21: diário | L21: Perda máxima 95% confiança
N24: Banda | O24: Diário | P24: Semanal | Q24: Mensal
N25: -3σ | O25: =Análise_À_Vista!W3 -> -0.020277946 | P25: =Análise_À_Vista!X3 -> -0.063737163 | Q25: =Análise_À_Vista!Y3 -> -0.19353318
N26: -2σ | O26: =Análise_À_Vista!W4 -> -0.013613714 | P26: =Análise_À_Vista!X4 -> -0.0429082 | Q26: =Análise_À_Vista!Y4 -> -0.13083367
N27: -1σ | O27: =Análise_À_Vista!W5 -> -0.0069494809 | P27: =Análise_À_Vista!X5 -> -0.022079236 | Q27: =Análise_À_Vista!Y5 -> -0.068134158
N28: Média | O28: =Análise_À_Vista!W6 -> -0.00028524825 | P28: =Análise_À_Vista!X6 -> -0.0012502725 | Q28: =Análise_À_Vista!Y6 -> -0.0054346472
N29: +1σ | O29: =Análise_À_Vista!W7 -> 0.0063789844 | P29: =Análise_À_Vista!X7 -> 0.019578691 | Q29: =Análise_À_Vista!Y7 -> 0.057264864
N30: +2σ | O30: =Análise_À_Vista!W8 -> 0.013043217 | P30: =Análise_À_Vista!X8 -> 0.040407655 | Q30: =Análise_À_Vista!Y8 -> 0.11996437
N31: +3σ | O31: =Análise_À_Vista!W9 -> 0.01970745 | P31: =Análise_À_Vista!X9 -> 0.061236619 | Q31: =Análise_À_Vista!Y9 -> 0.18266389
N54: Tipo | O54: Diário | P54: Semanal | Q54: Mensal
N55: DD Máximo | O55: =Análise_À_Vista!W13 -> -0.49326275 | P55: =Análise_À_Vista!X13 -> -0.48864293 | Q55: =Análise_À_Vista!Y13 -> -0.44815195
N56: DD Médio | O56: =Análise_À_Vista!W14 -> -0.31308799 | P56: =Análise_À_Vista!X14 -> -0.31415363 | Q56: =Análise_À_Vista!Y14 -> -0.27134763
B72: Dashboard gerado automaticamente | Dados: À Vista R$ (Sheet1) | Atualizado: 18/07/2026

Sheet Dashboard
B2: DASHBOARD DE ANÁLISE - CCMFUT
B3: Análise de Variação e Drawdown | Período: Jul/2024 a Jul/2026
B6: 📊 DIÁRIO | F6: 📈 SEMANAL | J6: 📅 MENSAL
B7: Média Variação | D7: =Análise_Variação!T3 -> 0.00022604587 | F7: Média Variação | H7: =Análise_Variação!T16 -> 0.0008904387 | J7: Média Variação | L7: =Análise_Variação!T29 -> 0.0032737215
B8: Desvio Padrão | D8: =Análise_Variação!T4 -> 0.010342026 | F8: Desvio Padrão | H8: =Análise_Variação!T17 -> 0.021227216 | J8: Desvio Padrão | L8: =Análise_Variação!T30 -> 0.053624321
B9: Drawdown Máx | D9: =Análise_Variação!T11 -> -0.2742957 | F9: Drawdown Máx | H9: =Análise_Variação!T24 -> -0.22810261 | J9: Drawdown Máx | L9: =Análise_Variação!T37 -> -0.20741694
B10: Drawdown Médio | D10: =Análise_Variação!T12 -> -0.11457431 | F10: Drawdown Médio | H10: =Análise_Variação!T25 -> -0.079455482 | J10: Drawdown Médio | L10: =Análise_Variação!T38 -> -0.074326653
B11: Observações | D11: =COUNTA(Análise_Variação!A3:A501) -> 499 | F11: Semanas | H11: =COUNTA(Análise_Variação!G3:G109) -> 107 | J11: Meses | L11: =COUNTA(Análise_Variação!M3:M27) -> 25
B13: BANDAS DE DESVIO PADRÃO (σ) | H13: ANÁLISE DE DRAWDOWN
B14: Banda | C14: Diário | D14: Semanal | E14: Mensal | F14: Descrição | H14: Métrica | I14: Diário | J14: Semanal | K14: Mensal | L14: Interpretação
B15: Média - 3σ | C15: =Análise_Variação!T9 -> -0.030800031 | D15: =Análise_Variação!T22 -> -0.062791209 | E15: =Análise_Variação!T35 -> -0.15759924 | F15: Evento raro (0.3%) | H15: Drawdown Máximo | I15: =Análise_Variação!T11 -> -0.2742957 | J15: =Análise_Variação!T24 -> -0.22810261 | K15: =Análise_Variação!T37 -> -0.20741694 | L15: Maior perda acumulada do pico
B16: Média - 2σ | C16: =Análise_Variação!T7 -> -0.020458005 | D16: =Análise_Variação!T20 -> -0.041563993 | E16: =Análise_Variação!T33 -> -0.10397492 | F16: Outlier (5%) | H16: Drawdown Médio | I16: =Análise_Variação!T12 -> -0.11457431 | J16: =Análise_Variação!T25 -> -0.079455482 | K16: =Análise_Variação!T38 -> -0.074326653 | L16: Perda média durante quedas
B17: Média - 1σ | C17: =Análise_Variação!T5 -> -0.01011598 | D17: =Análise_Variação!T18 -> -0.020336777 | E17: =Análise_Variação!T31 -> -0.050350599 | F17: Abaixo normal (16%)
B18: Média | C18: =Análise_Variação!T3 -> 0.00022604587 | D18: =Análise_Variação!T16 -> 0.0008904387 | E18: =Análise_Variação!T29 -> 0.0032737215 | F18: Centro da distribuição | H18: INDICADORES DE RISCO
B19: Média + 1σ | C19: =Análise_Variação!T6 -> 0.010568071 | D19: =Análise_Variação!T19 -> 0.022117655 | E19: =Análise_Variação!T32 -> 0.056898042 | F19: Acima normal (16%) | H19: Volatilidade Anualizada | J19: =Análise_Variação!T4*SQRT(252) -> 0.16417457 | K19: anual | L19: Risco total no ano
B20: Média + 2σ | C20: =Análise_Variação!T8 -> 0.020910097 | D20: =Análise_Variação!T21 -> 0.04334487 | E20: =Análise_Variação!T34 -> 0.11052236 | F20: Outlier (5%) | H20: Sharpe Ratio (aprox.) | J20: =(Análise_Variação!T3*252)/J19 -> 0.34696945 | K20: ratio | L20: Retorno/Risco
B21: Média + 3σ | C21: =Análise_Variação!T10 -> 0.031252123 | D21: =Análise_Variação!T23 -> 0.064572086 | E21: =Análise_Variação!T36 -> 0.16414668 | F21: Evento raro (0.3%) | H21: Var 95% Diário | J21: =Análise_Variação!T3 - 1.645*Análise_Variação!T4 -> -0.016786586 | K21: diário | L21: Perda máxima 95% confiança
N23: Banda | O23: Diário | P23: Semanal | Q23: Mensal
N24: -3σ | O24: =Análise_Variação!T9 -> -0.030800031 | P24: =Análise_Variação!T22 -> -0.062791209 | Q24: =Análise_Variação!T35 -> -0.15759924
N25: -2σ | O25: =Análise_Variação!T7 -> -0.020458005 | P25: =Análise_Variação!T20 -> -0.041563993 | Q25: =Análise_Variação!T33 -> -0.10397492
N26: -1σ | O26: =Análise_Variação!T5 -> -0.01011598 | P26: =Análise_Variação!T18 -> -0.020336777 | Q26: =Análise_Variação!T31 -> -0.050350599
N27: Média | O27: =Análise_Variação!T3 -> 0.00022604587 | P27: =Análise_Variação!T16 -> 0.0008904387 | Q27: =Análise_Variação!T29 -> 0.0032737215
N28: +1σ | O28: =Análise_Variação!T6 -> 0.010568071 | P28: =Análise_Variação!T19 -> 0.022117655 | Q28: =Análise_Variação!T32 -> 0.056898042
N29: +2σ | O29: =Análise_Variação!T8 -> 0.020910097 | P29: =Análise_Variação!T21 -> 0.04334487 | Q29: =Análise_Variação!T34 -> 0.11052236
N30: +3σ | O30: =Análise_Variação!T10 -> 0.031252123 | P30: =Análise_Variação!T23 -> 0.064572086 | Q30: =Análise_Variação!T36 -> 0.16414668
N32: Tipo | O32: Diário | P32: Semanal | Q32: Mensal
N33: DD Máximo | O33: =Análise_Variação!T11 -> -0.2742957 | P33: =Análise_Variação!T24 -> -0.22810261 | Q33: =Análise_Variação!T37 -> -0.20741694
N34: DD Médio | O34: =Análise_Variação!T12 -> -0.11457431 | P34: =Análise_Variação!T25 -> -0.079455482 | Q34: =Análise_Variação!T38 -> -0.074326653
B74: Dashboard gerado automaticamente | Dados: CCMFUT_F_0_Diário | Atualizado: 18/07/2026

Sheet Sheet1
A1: Data | B1: À vista R$
A2: 03/01/2022 | B2: 92,01
A3: 04/01/2022 | B3: 92,72
A4: 05/01/2022 | B4: 92,81
A5: 06/01/2022 | B5: 93,28
A6: 07/01/2022 | B6: 93,52
A7: 10/01/2022 | B7: 94,43
A8: 11/01/2022 | B8: 95,13
A9: 12/01/2022 | B9: 95,27
A10: 13/01/2022 | B10: 96,50
A11: 14/01/2022 | B11: 96,77
A12: 17/01/2022 | B12: 97,16
... A1135: 17/07/2026 | B1135: 64,94

Sheet Dashboard_Regressao
B2: 📊 DASHBOARD DE REGRESSÃO LINEAR - À VISTA R$
B3: Análise de Canal de Regressão + Estudo Comparativo por Ano | Período: Jan/2022 a Jul/2026
B6: 📊 ESTATÍSTICAS DA REGRESSÃO | G6: 📍 POSIÇÃO ATUAL (ÚLTIMO DIA)
B7: Intercepto (a) | D7: =Análise_À_Vista!AJ2 -> 82.304568 | E7: Valor inicial da linha de tendência | G7: Data | I7: =Análise_À_Vista!AB1136 -> 46220
B8: Inclinação (b) | D8: =Análise_À_Vista!AJ3 -> -0.018711963 | E8: Variação diária (R$/dia) | G8: Preço Atual | I8: =Análise_À_Vista!AC1136 -> 64.94 | K8: Cotação atual
B9: Desvio Padrão Residual | D9: =Análise_À_Vista!AJ4 -> 10.629804 | E9: Dispersão típica dos preços | G9: Valor Regressão | I9: =Análise_À_Vista!AE1136 -> 61.085202 | K9: Centro do canal
B10: R² (Coef. Determinação) | D10: =Análise_À_Vista!AJ5 -> 0.24945518 | E10: Poder explicativo do modelo | G10: Banda Superior | I10: =Análise_À_Vista!AF1136 -> 63.736861 | K10: Limite superior
B11: Multiplicador Banda | D11: =Análise_À_Vista!AJ6 -> 1.5 | E11: σ para bandas | G11: Banda Inferior | I11: =Análise_À_Vista!AG1136 -> 58.433542 | K11: Limite inferior
B12: Observações | D12: =Análise_À_Vista!AJ7 -> 1134 | E12: Dias de negociação | G12: Posição Relativa | I12: =IF(I8>I10,"Acima do Canal",IF(I8<I11,"Abaixo do Canal","Dentro do Canal")) -> Acima do Canal | K12: Status atual
G13: Distância da Média | I13: =I8-I9 -> 3.8547982 | K13: Resíduo atual
G14: % do Canal | I14: =(I8-I11)/(I10-I11) -> 1.2268652 | K14: 0% = inferior, 100% = superior
B15: 📈 RESUMO DA TENDÊNCIA | G15: ⚠️ INDICADORES DE ALERTA
B16: Preço Inicial (Reg.) | D16: =Análise_À_Vista!AE3 -> 82.285856 | G16: Máx. Histórico | I16: =MAX(Análise_À_Vista!AC3:AC1136) -> 103.9 | K16: Topo histórico
B17: Preço Final (Reg.) | D17: =Análise_À_Vista!AE1136 -> 61.085202 | G17: Mín. Histórico | I17: =MIN(Análise_À_Vista!AC3:AC1136) -> 52.65 | K17: Fundo histórico
B18: Variação Total | D18: =D17-D16 -> -21.200655 | G18: Amplitude | I18: =I16-I17 -> 51.25 | K18: Diferença máx-mín
B19: Variação % Total | D19: =(D17-D16)/D16 -> -0.2576464 | G19: Maior Resíduo (+) | I19: =MAX(Análise_À_Vista!AH3:AH1136) -> 23.013714 | K19: Maior sobrecompra
B20: Média Diária (R$) | D20: =Análise_À_Vista!AJ3 -> -0.018711963 | G20: Maior Resíduo (-) | I20: =MIN(Análise_À_Vista!AH3:AH1136) -> -22.113647 | K20: Maior sobrevenda
B21: Direção | D21: =IF(D20<0,"⬇️ Baixa","⬆️ Alta") -> ⬇️ Baixa | G21: Dias Fora do Canal | I21: {=SUMPRODUCT((Análise_À_Vista!AC3:AC1136>Análise_À_Vista!AF3:AF1136)*1)+SUMPRODUCT((Análise_À_Vista!AC3:AC1136<Análise_À_Vista!AG3:AG1136)*1)} -> 972 | K21: =I21/1134 -> 0.85714286
B24: 📝 INTERPRETAÇÃO DO MODELO
B25: O canal de regressão linear com bandas de 1.5σ identifica a tendência principal e os limites típicos de oscilação do preço.
B27: • Preços ACIMA da banda superior (+1.5σ): Possível sobrecompra - considerar realização ou cautela em compras
B28: • Preços ABAIXO da banda inferior (-1.5σ): Possível sobrevenda - possível oportunidade ou continuação de queda
B29: • Preços DENTRO do canal: Movimento dentro da normalidade estatística
B77: Dashboard de Canal de Regressão Linear | Dados: Preço À Vista R$ | Atualizado: 18/07/2026
B80: ANÁLISE COMPARATIVA POR ANO
B81: Comparando parâmetros de regressão de cada ano vs amostra total
B83: Ano | C83: Obs | D83: Slope (R$/dia) | E83: Desvio σ | F83: R² | G83: Preço Inicial | H83: Preço Final | I83: Variação % | J83: Direção
B84: =Análise_À_Vista!AL3 -> 2022 | C84: =Análise_À_Vista!AM3 -> 250 | D84: =Análise_À_Vista!AQ3 -> -0.060764191 | E84: =Análise_À_Vista!AR3 -> 3.9911036 | F84: =Análise_À_Vista!AS3 -> 0.54794286 | G84: =Análise_À_Vista!AT3 -> 92.01 | H84: =Análise_À_Vista!AU3 -> 86.07 | I84: =Análise_À_Vista!AV3 -> -0.0645582 | J84: =IF(C84<0,"⬇️ Baixa","⬆️ Alta") -> ⬆️ Alta
B85: =Análise_À_Vista!AL4 -> 2023 | C85: =Análise_À_Vista!AM4 -> 248 | D85: =Análise_À_Vista!AQ4 -> -0.12505216 | E85: =Análise_À_Vista!AR4 -> 9.1820021 | F85: =Análise_À_Vista!AS4 -> 0.48836103 | G85: =Análise_À_Vista!AT4 -> 86.09 | H85: =Análise_À_Vista!AU4 -> 69.21 | I85: =Análise_À_Vista!AV4 -> -0.19607388 | J85: =IF(C85<0,"⬇️ Baixa","⬆️ Alta") -> ⬆️ Alta
B86: =Análise_À_Vista!AL5 -> 2024 | C86: =Análise_À_Vista!AM5 -> 251 | D86: =Análise_À_Vista!AQ5 -> 0.037451967 | E86: =Análise_À_Vista!AR5 -> 4.8011232 | F86: =Análise_À_Vista!AS5 -> 0.24285017 | G86: =Análise_À_Vista!AT5 -> 69.75 | H86: =Análise_À_Vista!AU5 -> 72.69 | I86: =Análise_À_Vista!AV5 -> 0.042150538 | J86: =IF(C86<0,"⬇️ Baixa","⬆️ Alta") -> ⬆️ Alta
B87: =Análise_À_Vista!AL6 -> 2025 | C87: =Análise_À_Vista!AM6 -> 250 | D87: =Análise_À_Vista!AQ6 -> -0.075498715 | E87: =Análise_À_Vista!AR6 -> 6.0626934 | F87: =Análise_À_Vista!AS6 -> 0.44779584 | G87: =Análise_À_Vista!AT6 -> 72.94 | H87: =Análise_À_Vista!AU6 -> 69.5 | I87: =Análise_À_Vista!AV6 -> -0.047162051 | J87: =IF(C87<0,"⬇️ Baixa","⬆️ Alta") -> ⬆️ Alta
B88: =Análise_À_Vista!AL7 -> 2026 | C88: =Análise_À_Vista!AM7 -> 135 | D88: =Análise_À_Vista!AQ7 -> -0.044248854 | E88: =Análise_À_Vista!AR7 -> 1.8490367 | F88: =Análise_À_Vista!AS7 -> 0.46700845 | G88: =Análise_À_Vista!AT7 -> 69.45 | H88: =Análise_À_Vista!AU7 -> 64.94 | I88: =Análise_À_Vista!AV7 -> -0.064938805 | J88: =IF(C88<0,"⬇️ Baixa","⬆️ Alta") -> ⬆️ Alta
B89: =Análise_À_Vista!AL8 -> "TOTAL" | C89: =Análise_À_Vista!AM8 -> 1134 | D89: =Análise_À_Vista!AQ8 -> -0.018711963 | E89: =Análise_À_Vista!AR8 -> 10.629804 | F89: =Análise_À_Vista!AS8 -> 0.24945518 | G89: =Análise_À_Vista!AT8 -> 92.01 | H89: =Análise_À_Vista!AU8 -> 64.94 | I89: =Análise_À_Vista!AV8 -> -0.29420715 | J89: =IF(C89<0,"⬇️ Baixa","⬆️ Alta") -> ⬆️ Alta
B92: 📊 RESUMO ESTATÍSTICO | G92: 📈 COBERTURA POR MULTIPLICADOR
B93: Desvio Mínimo (ano) | D93: =Análise_À_Vista!AM12 -> 1.8490367 | E93: 2026 (parcial) | G93: Mult. | H93: Banda (R$) | I93: Cobertura Real | J93: Teórico Normal | K93: Gap
B94: Desvio Máximo (ano) | D94: =Análise_À_Vista!AN12 -> 9.1820021 | E94: 2023 | G94: =Análise_À_Vista!AL34 -> 1 | H94: =Análise_À_Vista!AM34 -> 4.8011232 | I94: =Análise_À_Vista!AT34 -> 0.33269575 | J94: =Análise_À_Vista!AU34 -> 0.6827 | K94: =Análise_À_Vista!AV34 -> -0.35000425
B95: Desvio Médio (anos) | D95: =Análise_À_Vista!AP12 -> 4.8011232 | E95: Média dos 5 anos | G95: =Análise_À_Vista!AL35 -> 1.5 | H95: =Análise_À_Vista!AM35 -> 7.2016848 | I95: =Análise_À_Vista!AT35 -> 0.51410806 | J95: =Análise_À_Vista!AU35 -> 0.8664 | K95: =Análise_À_Vista!AV35 -> -0.35229194
B96: Desvio Mediano | D96: =Análise_À_Vista!AQ12 -> 2.7132761 | E96: Valor central | G96: =Análise_À_Vista!AL36 -> 2 | H96: =Análise_À_Vista!AM36 -> 9.6022464 | I96: =Análise_À_Vista!AT36 -> 0.6746047 | J96: =Análise_À_Vista!AU36 -> 0.9545 | K96: =Análise_À_Vista!AV36 -> -0.2798953
B97: Desvio TOTAL | D97: =Análise_À_Vista!AS12 -> 10.629804 | E97: Todos os dados | G97: =Análise_À_Vista!AL37 -> 2.5 | H97: =Análise_À_Vista!AM37 -> 12.002808 | I97: =Análise_À_Vista!AT37 -> 0.75447511 | J97: =Análise_À_Vista!AU37 -> 0.9876 | K97: =Análise_À_Vista!AV37 -> -0.23312489
B98: Razão Total/Média | D98: =D97/D95 -> 2.2140244 | E98: Inflação por tendência | G98: =Análise_À_Vista!AL38 -> 3 | H98: =Análise_À_Vista!AM38 -> 14.40337 | I98: =Análise_À_Vista!AT38 -> 0.82965791 | J98: =Análise_À_Vista!AU38 -> 0.9973 | K98: =Análise_À_Vista!AV38 -> -0.16764209
B99: CV (%) | D99: =Análise_À_Vista!AS12 -> 10.629804 | E99: Coef. de variação
B101: ⭐ RECOMENDAÇÃO FINAL
B103: Desvio Recomendado: | D103: =Análise_À_Vista!AN45 -> 4.8011232
B104: Multiplicador: | D104: 2
B105: Largura da Banda: | D105: =D103*D104 -> 9.6022464
B106: Cobertura Esperada: | D106: =Análise_À_Vista!AT36 -> 0.6746047
B107: Justificativa: | D107: O desvio médio anual captura a volatilidade típica sem a inflação causada pela tendência de longo prazo (-29%)
B110: Ano | C110: Desvio σ (R$) | D110: Slope
B111: 2022 | C111: =Análise_À_Vista!AR3 -> 3.9911036 | D111: =Análise_À_Vista!AQ3 -> -0.060764191
B112: 2023 | C112: =Análise_À_Vista!AR4 -> 9.1820021 | D112: =Análise_À_Vista!AQ4 -> -0.12505216
B113: 2024 | C113: =Análise_À_Vista!AR5 -> 4.8011232 | D113: =Análise_À_Vista!AQ5 -> 0.037451967
B114: 2025 | C114: =Análise_À_Vista!AR6 -> 6.0626934 | D114: =Análise_À_Vista!AQ6 -> -0.075498715
B115: 2026 | C115: =Análise_À_Vista!AR7 -> 1.8490367 | D115: =Análise_À_Vista!AQ7 -> -0.044248854
B116: TOTAL | C116: =Análise_À_Vista!AR8 -> 10.629804 | D116: =Análise_À_Vista!AQ8 -> -0.018711963
B130: 📈 ANÁLISE DO DESVIO DA VARIAÇÃO DIÁRIA
B131: Desvio padrão das variações percentuais diárias por ano
B133: Ano | C133: Obs | D133: Média Var% | E133: Desvio σ | F133: Mín | G133: Máx | H133: Var% Anual | I133: Banda 2σ
B134: =Análise_À_Vista!BB3 -> 2022 | C134: =Análise_À_Vista!BC3 -> 250 | D134: =Análise_À_Vista!BF3 -> -0.000246838 | E134: =Análise_À_Vista!BG3 -> 0.006341864 | F134: =Análise_À_Vista!BH3 -> -0.035253744 | G134: =Análise_À_Vista!BI3 -> 0.021198975 | H134: =Análise_À_Vista!BJ3 -> -0.0645582 | I134: =Análise_À_Vista!BN3 -> 0.012683728
B135: =Análise_À_Vista!BB4 -> 2023 | C135: =Análise_À_Vista!BC4 -> 248 | D135: =Análise_À_Vista!BF4 -> -0.00084080394 | E135: =Análise_À_Vista!BG4 -> 0.0087133371 | F135: =Análise_À_Vista!BH4 -> -0.031014621 | G135: =Análise_À_Vista!BI4 -> 0.027917867 | H135: =Análise_À_Vista!BJ4 -> -0.19607388 | I135: =Análise_À_Vista!BN4 -> 0.017426674
B136: =Análise_À_Vista!BB5 -> 2024 | C136: =Análise_À_Vista!BC5 -> 251 | D136: =Análise_À_Vista!BF5 -> 0.00021507211 | E136: =Análise_À_Vista!BG5 -> 0.0062747803 | F136: =Análise_À_Vista!BH5 -> -0.018759019 | G136: =Análise_À_Vista!BI5 -> 0.022215852 | H136: =Análise_À_Vista!BJ5 -> 0.042150538 | I136: =Análise_À_Vista!BN5 -> 0.012549561
B137: =Análise_À_Vista!BB6 -> 2025 | C137: =Análise_À_Vista!BC6 -> 250 | D137: =Análise_À_Vista!BF6 -> -0.00016075566 | E137: =Análise_À_Vista!BG6 -> 0.006137169 | F137: =Análise_À_Vista!BH6 -> -0.019994032 | G137: =Análise_À_Vista!BI6 -> 0.029780763 | H137: =Análise_À_Vista!BJ6 -> -0.047162051 | I137: =Análise_À_Vista!BN6 -> 0.012274338
B138: =Análise_À_Vista!BB7 -> 2026 | C138: =Análise_À_Vista!BC7 -> 135 | D138: =Análise_À_Vista!BF7 -> -0.00049445611 | E138: =Análise_À_Vista!BG7 -> 0.0040336279 | F138: =Análise_À_Vista!BH7 -> -0.019311634 | G138: =Análise_À_Vista!BI7 -> 0.0069454707 | H138: =Análise_À_Vista!BJ7 -> -0.064938805 | I138: =Análise_À_Vista!BN7 -> 0.0080672557
B139: =Análise_À_Vista!BB8 -> TOTAL | C139: =Análise_À_Vista!BC8 -> 1134 | D139: =Análise_À_Vista!BF8 -> -0.00028499671 | E139: =Análise_À_Vista!BG8 -> 0.006664238 | F139: =Análise_À_Vista!BH8 -> -0.035253744 | G139: =Análise_À_Vista!BI8 -> 0.029780763 | H139: =Análise_À_Vista!BJ8 -> -0.29420715 | I139: =Análise_À_Vista!BN8 -> 0.013328476
B142: 📊 COBERTURA - DESVIO DIÁRIO | G142: ⭐ RECOMENDAÇÃO - DESVIO DIÁRIO
B143: Mult. | C143: Banda | D143: Real | E143: Teórico | G143: Desvio σ Diário: | I143: =Análise_À_Vista!BC14 -> 0.0063001557
B144: =Análise_À_Vista!BI12 -> 1 | C144: =Análise_À_Vista!BJ12 -> 0.0063001557 | D144: =Análise_À_Vista!BK12 -> 0.74955908 | E144: =Análise_À_Vista!BL12 -> 0.6827 | G144: Multiplicador: | I144: 2
B145: =Análise_À_Vista!BI13 -> 1.5 | C145: =Análise_À_Vista!BJ13 -> 0.0094502335 | D145: =Análise_À_Vista!BK13 -> 0.8712522 | E145: =Análise_À_Vista!BL13 -> 0.8664 | G145: Banda Diária: | I145: =I143*I144 -> 0.012600311
B146: =Análise_À_Vista!BI14 -> 2 | C146: =Análise_À_Vista!BJ14 -> 0.012600311 | D146: =Análise_À_Vista!BK14 -> 0.9303351 | E146: =Análise_À_Vista!BL14 -> 0.9545 | G146: Cobertura Real: | I146: =Análise_À_Vista!BK14 -> 0.9303351
B147: =Análise_À_Vista!BI15 -> 2.5 | C147: =Análise_À_Vista!BJ15 -> 0.015750389 | D147: =Análise_À_Vista!BK15 -> 0.9638448 | E147: =Análise_À_Vista!BL15 -> 0.9876 | G147: Status: | I147: ="✅ Próximo do teórico ("&TEXT(Análise_À_Vista!BL14,"0.0%")&")" -> ✅ Próximo do teórico (95%)
B148: =Análise_À_Vista!BI16 -> 3 | C148: =Análise_À_Vista!BJ16 -> 0.018900467 | D148: =Análise_À_Vista!BK16 -> 0.97795414 | E148: =Análise_À_Vista!BL16 -> 0.9973
B151: 🔄 COMPARATIVO FINAL: DESVIO DIÁRIO vs DESVIO REGRESSÃO
B152: Tipo | C152: σ Médio Anual | D152: σ Total | E152: Cobertura 2σ | F152: Gap vs Normal | G152: Consistência (CV) | H152: Melhor para
B153: Desvio Diário (%) | C153: =Análise_À_Vista!BC14 -> 0.0063001557 | D153: =Análise_À_Vista!BC18 -> 0.006664238 | E153: =Análise_À_Vista!BK14 -> 0.9303351 | F153: =Análise_À_Vista!BM14 -> -0.024164903 | G153: =Análise_À_Vista!BC17 -> 0.26309252 | H153: Volatilidade, risco diário, alertas de movimentos
B154: Desvio Regressão (R$) | C154: =Análise_À_Vista!AP12 -> 4.8011232 | D154: =Análise_À_Vista!AS12 -> 10.629804 | E154: =Análise_À_Vista!AT36 -> 0.6746047 | F154: =Análise_À_Vista!AV36 -> -0.2798953 | G154: =Análise_À_Vista!AS12/Análise_À_Vista!AP12 -> 2.2140244 | H154: Canal de preço, tendência, níveis de suporte/resistência
B156: 💡 CONCLUSÃO:
B157: O DESVIO DIÁRIO (%) apresenta melhor aderência à distribuição normal (gap de apenas -2.4% vs teórico) e maior consistência entre anos (CV = 26%).
B158: Para análise de RISCO DIÁRIO: usar σ = 0.63% com multiplicador 2x = banda de ±1.26% (93% de cobertura)
B159: Para análise de CANAL DE PREÇO: usar σ = R$ 4.80 com multiplicador 2x = banda de ±R$ 9.60 (67% de cobertura)
B162: Dashboard de Análise de Desvio | Desvio Diário + Regressão Linear | Dados: À Vista R$ | Período: Jan/2022 a Jul/2026 | Atualizado: 18/07/2026
